ID_nr;Kronieken;Place_topic;full_name;name_preposition;name_firstname;name_patronym;name_intraposition;name_lastname;name_postposition;viaf_ID;Religion;Religion category;Motive;Public roles;Church;Political;Judicial;Supervision;Corporations;Defence;Executive roles;Highest office;Education;Occupation;Occupational category;year_birth;birth_certainty;place_birth;year_death;death_certainty;place_death;gender;Wikipedia;Link biografisch portaal
A021;1499_Rott_Jans;Rotterdam;Allertszoon, Jan;;Jan;Allertszoon;;;;;katholiek;Roman Catholic;;stadssecretaris van Rotterdam;;;;;;;1;Civil servants;;klerk en notaris, stadssecretaris;Town secretaries and notaries;Voor ca. 1440;u;;1489;c;Rotterdam;m;;
A022;1499_Rott_Jans;Rotterdam;Janszoon, Cornelis;;H.;;ten;Boom;;;katholiek;Roman Catholic;;stadssecretaris van Rotterdam;;;;;;;1;Civil servants;kent Latijn;stadssecretaris;Town secretaries and notaries;1464;c;;1527;c;Rotterdam;m;;
A003;1507_Beek_Trec;Beek;Trecpoel, Peter;Heer;Peter;;;Trecpoel;;;katholiek;Roman Catholic;known;pastoor;1;;;;;;;Church;misschien opgeleid in Luik;priester in Beek, Geul, Sittard;Clergy, monastics, ministers;1442;c;beek?;1508?;u;Bilzen;m;;
A001;1509_Zier_Anon;Zierikzee;Anoniem;;onbekend;;;;;;katholiek;Roman Catholic;;niet-bestuurder met politieke belangstelling – ambtenaar?;;;;;;;;;enige financieel-juridische kennis, ongeoefend schrijver;ambtenaar?;Unknown;Voor 1430;u;zierikzee;1473?;u;zierikzee?;m;;
A005;1526_Zwol_Stee;Zwolle;Steenwijk, Johan/Jan van (maar we weten niet welke);;Jan/Johan;;van;Steenwijk;;;katholiek;Roman Catholic;known;(kring rond) raad en meente/misschien ook kerkmeester/band met ridderschap;;1;;;;;;Local government;;;Unknown;Voor 1500;u;zwolle?;Na 1526;u;Zwolle?;m;;
A007;1535_Gron_Anon;Groningen;Anoniem;;onbekend;;;onbekend;;;katholiek;Roman Catholic;unknown;Raad of sworen-meentemans;;1;;;;;;Local government;slecht latijn;;Unknown;;u;Groningen;Na 1536;u;Groningen?;m;;
A008;1542_Gent_Anon;Gent;Anoniem;;onbekend;;;onbekend;;;katholiek;Roman Catholic;;;;;;;;;;;;milieu neringen;Crafts and Trades;Voor 1520;u;;Na 1542;u;;m;;
A012;1545_Kuri_Munt;Kuringen;Munters , Christiaan  ;;Christiaan;;;Munters;;244181420;katholiek;Roman Catholic;;kapelaan;1;;;;;;;Church;waarschijnlijk niet universitair;kapelaan;Clergy, monastics, ministers;1505?;u;Kuringen?;1555;c;Kuringen;m;;http://www.biografischportaal.nl/persoon/23010569
A011;1551_Kamp_Herm;Kampen;Brant, Heyman;;Heyman;;;Brant;;;;;;;;;;;;;1;Civil servants;;klerk/assistent stadssecretaris;Civic administration;Voor 1520;u;;;u;;m;;
A009;1551_Kamp_Herm;Kampen;Hermans, Geert;;Geert;;;Hermans;;;katholiek;Roman Catholic;;stadssecretaris;;;;;;;1;Civil servants;;stadssecretaris;Town secretaries and notaries;Voor 1520;u;;Na 1551;u;;m;;
A010;1551_Kamp_Herm;Kampen;Meeus, Cornelis;;Cornelis;;;Meeus;;;katholiek;Roman Catholic;;stadssecretaris;;;;;;;1;Civil servants;;stadssecretaris;Town secretaries and notaries;Voor 1520;u;;Na 1551;u;;m;;
A014;1551_Kamp_Herm;Kampen;Breda, Johan  van;;Johan;;van;Breda;;;katholiek?;Roman Catholic;known;stadssecretaris van Kampen;;;;;;;1;Civil servants;;stadssecretaris;Town secretaries and notaries;1480?;u;Breda?;1540;c;Kampen?;m;;http://www.biografischportaal.nl/persoon/02516286
A013;1553_Utre_Mijn;Utrecht;Aemstel Mijnden, Herbaren  van;;Herbaren;;van;Aemstel;Mijnden;286227155;katholiek;Roman Catholic;known; ;;1;;;;;;States (provincial or general);;als jonge man hofmeester heer van Brederode, later lid ridderschap Utrecht;Gentry;1500?;u;;1566;c;;m;;
A016;1558_Bosc_Cupe;Den Bosch;Cuperinus, Adelbertus  ;;Adelbertus;;;Cuperinus;;;katholiek;Roman Catholic;known;;;;;;;;;;;priester/'brueder';Clergy, monastics, ministers;1500?;u;;1560?;u;;m;;http://www.biografischportaal.nl/persoon/28260990
A015;1558_Brus_Anon;Brussel;Anoniem;;;;;;;;;;;;;;;;;;;;;;Unknown;;;;;;;u;;
A017;1567_Amst_Bies;Amsterdam;Biesten, Hendrik  van;;Hendrik;;van;Biesten;;288179138;katholiek;Roman Catholic;;;;;;;;;;;;orateur van de minderbroeders;Clergy, monastics, ministers;;u;;1578?;u;;m;;http://www.biografischportaal.nl/persoon/64255846
A018;1567_Amst_Reae;Amsterdam;Reael, Laurens Jacobszoon ;;Laurens;Jacobszoon;;Reael;;289135901;gereformeerd;Dutch Reformed;;sergeant en kolonel schutterij, ouderling, schepen, vroedschap, ontvanger, lid admiraliteit;1;1;1;1;;1;1;Local government;;korenkoopman;Merchants;1536;c;Amsterdam;1601;c;Amsterdam;m;;http://www.biografischportaal.nl/persoon/01017738
A019;1568_Gent_Anon;Gent;Anoniem;;;;;;;;katholiek;Roman Catholic;;omgeving schepenen van de keure;;1;;;;;;Local government;;;Unknown;;u;;1568?;u;;m;;
A020;1568_Gent_Vaer;Gent;van Vaernewyck, Marcus;;Marcus;;van;Vaernewyck;;27494212;katholiek;Roman Catholic;known;Beheerder van de armenkamer, schepen van de keure, hoofdman van de zeven neringen, kerkmeester van de Jacobskerk, factor van de rederijkerskamer;1;;1;1;2;;;Local government;Houdt zich bezig met geschiedschrijving, theologie, dichtkunst, taalkunde, antiqiteiten;koopman;Merchants;1518;c;;1569;c;Gent;m;https://nl.wikipedia.org/wiki/Marcus_van_Vaernewijck;http://www.biografischportaal.nl/persoon/11701675
A228;1568_Leeu_Joos;Leeuwarden;Joost, Antonis;;Anthonius;Joostzoon;;;;2862433;katholiek;Roman Catholic;;;;;;;;;1;Licensed officer;;notaris;Town secretaries and notaries;;;;;;;m;;
A024;1571_Gent_Camp;Gent;Campene, Philips  Van;;Philips;;Van;Campene;;;katholiek;Roman Catholic;;Advocaat van de Raad van vlaanderen;;;;;;;1;;licenciaat in beide rechten, Leuven;advocaat van de Raad van Vlaanderen, leesmeester van de jongens;Councilors and Lawyers;Na 1516;u;Gent;Na 1585;u;Leuven?;m;;http://www.biografischportaal.nl/persoon/99203302
A023;1571_Gent_Camp;Gent;Campene, Cornelis  van;;Cornelis;;van;Campene;;286829412;katholiek;Roman Catholic;;proviseerder, kerkmeester, vinder, klerk armbestuur, H.Geestmeester, huismeester, stapelheer ;1;;;2;1;1;2;Civil servants;;lakenkoopman;Merchants;1516;c;Gent;1567;c;Gent;m;;http://www.biografischportaal.nl/persoon/73061751
A028;1574_Antw_Ano1;Antwerpen;F.G.V.;;;;;;;191325887;katholiek;Roman Catholic;;;;;;;;;;;;;Unknown;;;;;;;u;;
A026;1574_Antw_Ano2;Antwerpen;F.G.V.;;;;;;;;katholiek;Roman Catholic;;;;;;;;;;;;;Unknown;;;;;;;m;;
A027;1574_Antw_Haec;Antwerpen;Haecht, Godevaert  van;;Godevaert;;van;Haecht;;289898506;luthers;Lutheran;;;;;;;;;;;;Schilder, vrijmeesterszoon in het St-Lucasgilde;Crafts and Trades;1546;c;Antwerpen;1599;c;Deutz;m;https://nl.wikipedia.org/wiki/Godevaert_van_Haecht;http://www.biografischportaal.nl/persoon/44336607
A029;1575_Bosc_Anon;Den Bosch;Anoniem;;;;;;;;katholiek;Roman Catholic;crisis;;;;;;;;;;Spelt veel fonetisch, vermoedelijk niet heel veel onderwijs genoten;zuster tertiarissenklooster Den Bosch;Clergy, monastics, ministers;;?;;;;;v;;
A030;1575_Purm_Rol;Purmerend;Rol, Jacob Matthijszoon ;;Jacob;Matthijszoon;;Rol;;;;;;burgemeester van Purmerend;;1;;;;;;Local government;;;Unknown;;;;;;;m;;
A033;1576_Utre_Anon;Utrecht;Anoniem;;;;;Anoniem;;;katholiek;Roman Catholic;;wellicht raadsheer Hof van Utrecht;;;1;;;;;Licensed officer;jurist?;wellicht raadsheer hof van Utrecht;Councilors and Lawyers;;;;;;;m;;
A034;1576_Zier_Clae;Zierikzee;Cornelis Claesz;;Cornelis;Claesz;;;Van Zuydkerke;;katholiek;Roman Catholic;;burgemeester van Zierikzee, schepen, thesaurier, weesmeester, raad;;3;;2;;;;Local government;;landmeter;Civic administration;1525;c;Zierikzee;1595;c;zierikzee;m;;
A035;1577_Utre_Anon;Utrecht;Anoniem;;;;;Anoniem;;;katholiek;Roman Catholic;;lid van statenvergadering?;1;1;;;;;;Local government;;kanunnik van St Marie;Clergy, monastics, ministers;;;;;;;m;;
A036;1579_Amst_Maes;Amsterdam;Maes, Wouter Jacobszoon ;;Wouter;Jacobszoon;;Maes;;31483428;katholiek;Roman Catholic;;;;;;;;;;;;Prior van het klooster van Stein in Gouda;Clergy, monastics, ministers;1521?;u;Gouda;1595;c;Gouda;m;https://nl.wikipedia.org/wiki/Wouter_Jacobsz._Maes;
A037;1579_Gent_Anon;Gent;Anoniem;;;;;;;;katholiek;Roman Catholic;;;;;;;;;;;;geestelijke?;Clergy, monastics, ministers;;;;;;;m;;
A038;1580_Antw_Wese;Antwerpen;Wesenbeke, Jan  van;;Jan;;van;Wesenbeke;;;luthers;Lutheran;;;;;;;;;1;Licensed officer;Studeerde rechten in Orléans;notaris;Town secretaries and notaries;ca. 1547;c;Antwerpen;Na 1594;;Frankfurt;m;;
A039;1581_Haar_Verw;Haarlem;Verwer, Willem Janszoon ;;Willem;Janszoon;;Verwer;;306156855;katholiek;Roman Catholic;woede;regent van het H. Geesthuis en van het Leprooshuis;;;;2;;;;Unpaid civic offices;;jurist, procureur, brouwer;Councilors and Lawyers;1533?;u;;1580;c;;m;;http://www.biografischportaal.nl/persoon/43305042
A040;1582_Stee_Steg;Steenwijk;ter Stege, Zieger;;Zieger;;ter;Stege;;;gereformeerd?;Dutch Reformed;;stadssecretaris van Steenwijk en Hasselt;;;;;;;1;Civil servants;meester in de rechten;jurist, stadssecretaris;Town secretaries and notaries;1535;c;;1605 of 1609;;;m;;
A041;1583_Bilt_ErpH;De Bilt;Erp, Henrica  van;;Henrica;;van;Erp;;;katholiek;Roman Catholic;;;;;;;;;;;;zuster Benedictines en abdis Vrouwenklooster ;Clergy, monastics, ministers;1470-1480;u;;1548;c;de Bilt;v;;http://www.biografischportaal.nl/persoon/34471109
A255;1583_Bilt_ErpH;De Bilt;Van Zuylen;;Maria;;van;Zuylen;;;katholiek;Roman Catholic;;;;;;;;;;;;Zuster Benedictines, abdis Vrouwenklooster De Bilt 1570-76;Clergy, monastics, ministers;;;;Na 1576;;;v;;
A256;1583_Bilt_ErpH;De Bilt;Anoniem;;;;;;;;katholiek;Roman Catholic;;;;;;;;;;;;zuster Benedictines ;Clergy, monastics, ministers;;;;Na 1583;;;v;;
A042;1584_Brug_Weyd;Brugge;Weydts, Willem;;Willem;;;Weydts;;285661536;katholiek;Roman Catholic;woede;;;;;;;;;;;kleermaker, zeilmaker?;Crafts and Trades;1547;c;Brugge;Na 1584;u;Brugge?;m;;
A043;1587_Iepe_Anon;Ieper;Raeve, Thomas de;;Thomas;Raeve;de;;;;katholiek;Roman Catholic;;burgemeester?;;1;;;;;;Local government;;;Unknown;Voor 1540;;Ieper;Na 1587;;;m;;
A239;1587_Mech_Wach;Mechelen;Wachtendonk, Jan van;;Jan;;van;Wachtendonk;;;katholiek;Roman Catholic;;militie, schepen, burgemeester, weesmeester, broodweger en div andere rollen.;;2;;4;;1;;Local government;Licenciaat beide rechten Dole, eerder stud Leuven en Dowaai ;jurist;Councilors and Lawyers;1550;c;Mechelen;1621;c;Mechelen;m;;
A044;1587_Weer_Luyt;Weert;Luyten, Maria  ;;Maria;;;Luyten;;55489440;katholiek;Roman Catholic;;;;;;;;;;;;zuster congregatie van Windesheim (Augustinessen/ Witte zusters);Clergy, monastics, ministers;1540?;u;;1570?;u;;v;;http://www.biografischportaal.nl/persoon/15835949
A045;1589_Gron_Eppe;Groningen;Eppens, Abel  ;;Abel;;;Eppens;tho Equart;12673397;gereformeerd;Dutch Reformed;;gedeputeerde gebannen Ommelanders Groningen;;1;;;;;;Guilds and societies;studeerde in Duitse rijk oa bij Melanchton;eigenerfde boer;Farmers;1534;c;Eekwerd;1590;c;Emden;m;https://nl.wikipedia.org/wiki/Abel_Eppens;http://www.biografischportaal.nl/persoon/79209893
A046;1592_Cule_Vrem;Culemborg;Vremdt, Gerard  ;;Gerard;;;Vremdt;;288041010;gereformeerd?;Dutch Reformed;;burgemeester en schout;;1;1;;;;;Local government;;koopman;Merchants;1544?;u;;1622?;u;;m;;
A047;1593_Gent_Copp;Gent;Coppens, Gillis;;Gillis;filius Bernaerts;;Coppens;;;gereformeerd?;Dutch Reformed;;vingtenier (hoofd divisie burgerwacht) in 1566;;;;;;1;;Unpaid civic offices;;sceppere en lakensnijder;Crafts and Trades;Voor 1550;;Mere bij Aelst;Na 1580;;;m;;
A240;1594_Gron_Alti;Groningen;Alting, Egbert;;Egbert;;;Alting;;;katholiek? (prot. Familie);Roman Catholic;;stadssecretaris;;;;;;;1;Civil servants;studeert in Leuven;stadssecretaris;Town secretaries and notaries;1518;c;Gasteren;1596;c;Groningen;m;;
A050;1594_Leuv_Boon;Leuven;Boonen, Willem  ;;Willem;;;Boonen;;213660790;katholiek;Roman Catholic;;stadsambtenaar en archivaris;;;;;;;1;Civil servants;;'klerk van het register’;Civic administration;1547;c;Leuven;1618;c;Leuven;m;;
A025;1595_Iepe_Hern;Ieper;Hernighem, Augustyn van;;Augustyn;;van;Hernighem;;8686627;katholiek;Roman Catholic;;korporaal in de burgerwacht 1593;;;;1;;1;;Unpaid civic offices;;korenmeter;Civic offices;1540?;u;Ieper?;1617?;u;Ieper?;m;https://nl.wikipedia.org/wiki/Augustijn_van_Hernighem;
A051;1602_Brus_Pott;Brussel;Pottre, Jan  de;;Jan;;de;Pottre;;218575989;katholiek;Roman Catholic;;armmeester Sint-Nicolaaskerk, gezworene/proviseur van het kremersgilde 1579-80, na 1584 raadslid Brussel 1576-7;;1;;1;1;;;Local government;;kremer/mersenier;Merchants;1525;c;Brussel;1601;c;Brussel;m;https://nl.wikipedia.org/wiki/Jan_de_Pottre;
A053;1606_Gron_Anon;Groningen;Anoniem;;;;;;;;gereformeerd;Dutch Reformed;;;;;;;;;;;;boer;Farmers;Voor 1545;u;Fivelingo?;Na 1606;;Fivelingo;m;;
A052;1609_Bosc_Anon;Den Bosch;Anoniem;;;;;;;;katholiek;Roman Catholic;known;Mogelijk omgeving stadsbestuur;;1;;;;;;Local government;;;Unknown;Voor 1550;u;;Na 1609;u;;m;;
A054;1609_Oist_Hoev;Oisterwijk;Hoevel, Lambrecht  van den;;Lambrecht;;van den;Hoevel;;;Katholiek;Roman Catholic;known;secretaris van de vrijheid Oisterwijk/ H. Geestmeester;;;;1;;;1;Civil servants;;Notaris;Town secretaries and notaries;1560?;u;Oisterwijk;1636;c;;m;;
A055;1610_Gent_Vooc;Gent;Voocht, Gillis  de;;Gillis;;de;Voocht;;;katholiek;Roman Catholic;;schutter in 1576;;;;;;1;;Guilds and societies;Schreef ook een kroniek van Vlaanderen;;Unknown;Voor  1558;;;Na 1610;;;m;;http://www.biografischportaal.nl/persoon/65916056
A056;1620_Midd_Rech;Middelburg;Joossen, Pieter;;Pieter;;;Joossen;;;gereformeerd;Dutch Reformed;;deken van het timmermansgilde;;;;;1;;;Guilds and societies;;Timmerman;Crafts and Trades;Voor 1566;;;1626;c;Middelburg;m;;
A057;1621_Alkm_Anon;Alkmaar;Anoniem;;;;;;;;remonstrants?;Remonstrant;;;;;;;;;;;;;Unknown;Voor 1600;u;;Na 1619;u;;u;;
A058;1623_Deve_Haex;Deventer;Haexbergen, Hendrik  ;;Hendrik;;;Haexbergen;;;gereformeerd;Dutch Reformed;;stadssecretaris;;;;;;;1;Civil servants;;stadssecretaris;Town secretaries and notaries;1584;c;;1635;c;Deventer;m;;
A059;1628_Alkm_Wijn;Alkmaar;Eikelenberg, Simon  ;;Simon;;;Eikelenberg;;;remonstrants;Remonstrant;;opzigter der stads werklieden van de wateren en plantsoenen, ijker ;;;;1;;;1;Civil servants;;Borstelmaker, Schilder, opzichter der stads werklieden van wateren en pensioenen,  geschiedschrijver;Crafts and Trades;1663;c;Alkmaar;1738;c;;m;https://nl.wikipedia.org/wiki/Simon_Eikelenberg;
A060;1628_Alkm_Wijn;Alkmaar;Stoop, Jan Jakobsz ;;Jan;Jakobsz;;Stoop;;;remonstrant;Remonstrant;;Schepen 1601-11, lid van de vroedschap 1601-1618, burgemeester 1612, gecommitteerde admiraliteit noorderkwartier;;3;1;;;;;Local government;;;Unknown;Voor 1578;u;Alkmaar;1633;c;;m;;
A061;1628_Alkm_Wijn;Alkmaar;Wijnkoper, Jacob Dirxz ;;Jacob;Dirxz;;Wijnkoper;;;Gereformeerd;Dutch Reformed;;schepen 1558-68, vroedschap en div keren  burgemeester 1570-1598;;1;1;;;;;Local government;;;Unknown;Voor 1538;u;Alkmaar;1598;c;;m;;
A148;1629_Doet_Duys;Doetinchem;Duysborg, Matthijs  van;;Matthijs;;van;Duysborg;;;katholiek?;Roman Catholic;;koster;1;;;;;;;Church;;koster;Civic offices;;;;;;;m;;
A134;1632_Amer_Anon;Amersfoort;Anoniem;;;;;;;;Katholiek;Roman Catholic;;;;;;;;;;;;zuster(s) van het klooster St Aagten;Clergy, monastics, ministers;;;;Na 1601;u;;v;;
A062;1632_Gent_Vive;Gent;Jan van den Vivere en anoniem;;Jan;;van den;Vivere;;288902372;Katholiek;Roman Catholic;;waarschuwt tegen politieke betrokkenheid;;;;;;;;;;;Unknown;Voor  1520;u;;Na 1632;u;;m;https://nl.wikipedia.org/wiki/Van_de_Vivere;http://www.biografischportaal.nl/persoon/63447191
A063;1635_Utre_Jonk;Utrecht;Jonkgesel, Cornelis Cornelisz. ;;Cornelis;Cornelisz.;;Jonkgesel;;;Gereformeerd (contra-remonstrant);Dutch Reformed;;;;;;;;;;;;;Unknown;Voor 1590;u;;Na 1625;u;;m;;
A064;1636_Bild_Jans;Het Bildt;Jansz, Dirck  ;;Dirck;;;Jansz;;;misschien eerst dopers, in 1624 lidmaat gereformeerde kerk;Dutch Reformed;;dorpsvolmacht van Bildtambacht, kerkvoogd;1;1;;;;;;Local government;;Boer;Farmers;1604;c;Sint Annaparochie;1636;c;St Annaparochie;m;;
A065;1636_Hauw_Baer;Hauwert;Baerntsz, Claes  ;;Claes;;;Baerntsz;;;Gereformeerd;Dutch Reformed;;secretaris, molenmeester van de Vier Noorder Koggen, regent en vredemaker en ouderling ;1;1;1;1;;;;Local government;misschien latijnse school;Boer;Farmers;1574;c;Hauwert;1651;c;;m;;
A066;1638_Roer_Kamp;Roermond;Kampen, Joh.  ;;Joh.;;;Kampen;;;katholiek;Roman Catholic;known;stadssecretaris en burgemeester 1588-93, 1604;;1;;;;;1;Local government;meestertitel;stadssecretaris;Town secretaries and notaries;Voor 1557;u;;1604?;u;;m;;
A067;1638_Roer_Kamp;Roermond;Ryckenroy, Jan  van;;Jan;;van;Ryckenroy;;288217470;katholiek;Roman Catholic;known;stadssecretaris en secretaris van de landsvergadering;;;;;;;2;Civil servants;;stadssecretaris en secretaris landsvergadering;Town secretaries and notaries;Voor 1585;u;;Na 1636;u;;m;;http://www.biografischportaal.nl/persoon/29163203
A068;1643_Antw_Bate;Antwerpen;Baten, G.;;Guiliam;;;Baten;;;katholiek;Roman Catholic;;"Collecteur van het recht en hessenhuis Antwerpen;lid sodaliteit jezuiten";1;;;;;;1;Civil servants;;Collecteur van het recht en hessenhuis Antwerpen;Tax collectors and bookkeepers;1585?;u;;;;;m;;
A069;1646_Gron_Gijs;Groningen;Gijsbers, Tamme  ;;Tamme;;;Gijsbers;;;wsl gereformeerd;Dutch Reformed;;Voogd van het Aduarder Gasthuis (1633-39);;;;1;;;;Unpaid civic offices;;koopman, boekhouder West-Indische Compagnie (v.a. 1623);Merchants;1583;c;;;;;m;;
A070;1648_Rott_Anon;Rotterdam;Anoniem;;;;;;;;;;;;;;;;;;;;;;Unknown;;u;;Na 1648;c;;u;;
A071;1649_Tien_Goos;Tienen;Goossens, Eemont  ;;Eemont;;;Goossens;;282966721;katholiek;Roman Catholic;;schepen, burgemeester;;1;1;;;;;Local government;;rentmeester;Stewards;1569?;u;;1650;;;m;;
A072;1652_Rijp_Dirc;De Rijp;Dircksen, Meijnert  ;;Meijnert;;;Dircksen;;;Gereformeerd;Dutch Reformed;;"schepen, gaarder; ouderling (1644)";1;;1;;;;1;Local government;;Gaarder;Tax collectors and bookkeepers;;;;;;;m;;
A073;1657_Mech_Beth;Mechelen;Anoniem;;;;;;;;katholiek;Roman Catholic;;;;;;;;;;;;kloosterzuster(s) Augustinessen/congregatie Windesheim;Clergy, monastics, ministers;;;;;u;;v;;
A075;1658_Rott_Anon;Rotterdam;Anoniem;;;;;;;;;;;;;;;;;;;;;;Unknown;;;;1649;;;u;;
A076;1658_Rott_Anon, 1648_Rott_Anon, 1687_Rott_Anon;Rotterdam;Waerschut;;Jan;Gerrits;van;Waerschut;;;Doopsgezind;Mennonite;;;;;;;;;;;;bakker;Crafts and Trades;Voor 1620;u;;1623?;u;;m;;
A077;1665_Mech_Vrin;Mechelen;Vrindts, Dominicus  ;;Dominicus;;;Vrindts;;;Katholiek;Roman Catholic;;schermmeester van het Schermersgilde;;;;;;1;;Guilds and societies;;meester van het Mechelse Kousenmakersambacht;Crafts and Trades;Voor 1617;u;;1669?;u;;m;;
A078;1666_Gent_Bill;Gent;Billet, Justus  ;;Justus;;;Billet;;;Katholiek;Roman Catholic;;magistraat, politiemeester, schepen, Thesaurier;;1;1;1;;;1;Local government;;koopman;Merchants;1592;c;Gent;1682;c;Gent;m;;http://www.biografischportaal.nl/persoon/65880947
A079;1668_Dord_Gode;Dordrecht;Godewijck, Pieter Govertsz. van ;;Pieter;Govertsz.;van;Godewijck;;286047489;Gereformeerd;Dutch Reformed;;;;;;;;;;;Latijnse school Dordrecht;Leraar Nederlands en Latijn Latijnse school Dordrecht;Education;1593;c;Dordrecht;1669;c;Dordrecht;m;;
A081;1671_Mede_Oppe;Medemblik;Opperdoes, Cornelis Jansz. ;;Cornelis;Jansz.;;Opperdoes;;288578830;Gereformeerd;Dutch Reformed;;klerk bij de secretarie van Medemblik;;;;;;;1;Civil servants;;stadssecretaris of klerk van de secretaris;Town secretaries and notaries;1640;c;;Na 1673;u;;m;;http://www.biografischportaal.nl/persoon/22104862
A082;1671_Rott_Lois;Rotterdam;Lois, Jacob  ;;Jacob;;;Lois;;95817576;gereformeerd?;Dutch Reformed;;Luitenant en kapitein van de burgerwacht, regent van het weeshuis, schepen;;1;;1;;1;;Local government;;schilder, architect, blauwverver, historicus;Crafts and Trades;1620?;u;Rotterdam;1676;c;;m;https://nl.wikipedia.org/wiki/Jacob_Lois;http://www.biografischportaal.nl/persoon/02636305
A083;1672_Amst_Anon;Amsterdam;Anoniem;;;;;;;;;;;Schutter, lid van het Oranje vendel;;;;;;1;;Unpaid civic offices;;;Unknown;;u;;;u;;m;;http://www.biografischportaal.nl/persoon/24939288
A085;1675_Gent_Cler;Gent;Clercq, J. Adolphus  De;;J. Adolphus;;De;Clercq;;;Katholiek;Roman Catholic;;;;;;;;;;;;;Unknown;;u;;Na 1675;u;;m;;
A084;1675_Utre_Boot;Utrecht;Booth, Everard  ;;Everard;;;Booth;;285618869;gereformeerd;Dutch Reformed;;staatsraad in buitengewone dienst;;1;1;;;;;Licensed officer;rechten in Utrecht;jurist;Councilors and Lawyers;1638;c;;1714;c;;m;;http://www.biografischportaal.nl/persoon/81252713
A086;1680_Mech_Vale;Mechelen;Valerius, Remmerus  ;;Remmerus;;;Valerius;;72470388;Katholiek;Roman Catholic;;pastoor in Muizen (bij Mechelen);1;;;;;;;Church;Douai;priester;Clergy, monastics, ministers;1607;c;Berchem;1687;c;Muizen;m;;http://www.biografischportaal.nl/persoon/74124412
A087;1681_Brus_Anon;Brussel;Anoniem,   ;;;;;Anoniem;;;;;;;;;;;;;;;;;Unknown;;u;;;u;;u;;
A088;1681_Zwol_Catt;Zwolle;Cattenbelt, L.F.  ;;L.F.;;;Cattenbelt;;;Katholiek;Roman Catholic;;;;;;;;;;;prior van Karthuizer klooster Weddern bij Dulmen in het Munsterland;Kloosterling;Clergy, monastics, ministers;;u;;;u;;m;;
A238;1683_Brus_Jaki;Brussel;Jakinet, Joannes;;Joannes/Jean;;;Jakinet/Jacquinet;;;Katholiek;Roman Catholic;;;;;;;;;;;Oudheidkundige;;Unknown;1615;c;Tienen;Na 1683;u;;m;;
A249;1687_Rott_Anon;Rotterdam;Picolet, Pieter Anthoniszoon;;Pieter;Anthoniszn./Teunisz;;Picolet (Picquolet);;;doopsgezind;Mennonite;;pachter van de impost van de waag (accijnzen);;;;;;;;Licensed officer;;schoenmaker;Crafts and Trades;1599;c;;1649;c;Rotterdam;m;;
A252;1687_Rott_Anon;Rotterdam;Anoniem;;;;;;;;;;;;;;;;;;;;;;Unknown;Voor 1628;u;;Na 1687;u;;u;;
A091;1690_Rott_Anon;Rotterdam;Anoniem;;;;;;;;;;;;;;;;;;;;;;Unknown;;u;;Na 1690;u;;m;;
A092;1695_Iepe_Anon;Ieper;Anoniem;;;;;;;;katholiek;Roman Catholic;;;;;;;;;;;;;Unknown;Voor 1650;u;;Na 1695?;u;;m;;
A080;1697_Leeu_Vitr;Leeuwarden;Vitringa, Horatius Wigeri ;;Horatius;Wigeri;;Vitringa;;;Gereformeerd;Dutch Reformed;;klerk, beambte bij 't Provinciaal gerechtshof van Friesland, eerste deurwaarder ‘Van de Kamer in den Rade van Friesland’, substituut-griffier of secretaris van 't Hof van Friesland;;;;;;;4;Civil servants;;Ambtenaar bij Hof van Friesland, klerk, beambte bij 't Provinciaal gerechtshof van Friesland, eerste deurwaarder ‘Van de Kamer in den Rade van Friesland’, substituut-griffier of secretaris van 't Hof van Friesland;Civic administration;1632;c;Leeuwarden;1699;c;Leeuwarden;m;;http://www.biografischportaal.nl/persoon/46914453
A094;1699_Bosc_Anon;Den Bosch;Anoniem;;;;;Anoniem;;;katholiek;Roman Catholic;; ;;;;;;;;;;;Unknown;;u;;;u;;m;;
A095;1700_Haar_Vinn;Haarlem;Vinne, Vincent Laurensz van der;;Vincent;Laurensz;van der;Vinne;;40889593;doopsgezind (Vlamingen);Mennonite;;Lid Lucasgilde;;;;;;;;;Pupil Frans Hals;schilder;Crafts and Trades;1628;c;Haarlem;1702;c;Haarlem;m;;
A096;1703_Rott_Brou;Rotterdam;Brouwer, Jan Gijsbertsz. ;;Jan;Gijsbertsz.;;Brouwer;;;gereformeerd?;Dutch Reformed;;binnenvader van het pest- en dolhuis sinds 1663;;;;;;;1;Civil servants;;binnenvader van het pest- en dolhuis sinds 1663;Civic offices;Voor 1643;u;;Na 1703;u;;m;;
A097;1703_Venl_Put;Venlo;Put, Barbara  de;;Barbara;;de;Put;;290182147;katholiek;Roman Catholic;;;;;;;;;;;;kloosterzuster(s);Clergy, monastics, ministers;1585?;u;;1635;c;;v;;http://www.biografischportaal.nl/persoon/25817089
A098;1713_Hout_Dres;Houthem;Dresens, Joannes  ;;Joannes;;;Dresens;;;Katholiek;Roman Catholic;;schepen van Houthem;;1;;;;;;Local government;;In 1579 rentmeester van Mr. Blisia;Stewards;Voor 1661;u;;Na 1713;u;;m;;
A099;1713_Kort_Mael;Kortrijk;Maele, Philippus  van de;;Philippus;;van de;Maele;;;katholiek;Roman Catholic;;;;;;;;;;;;;Unknown;Voor 1682;u;;Na 1713;u;;m;;
A100;1716_Jisp_Gert;Jisp;Pieter Florisz. Gertses;;Pieter;Florisz;;Gertses;;;gereformeerd?;Dutch Reformed;;schepen, weesmeester;;;1;1;;;;Local government;;boer, verhuurt huizen;Farmers;Voor 1630;u;;Na 1716;;;m;;
A101;1718_Dron_Rouc;Dronrijp;Roucoma, Hoyte Stoffelsz.  ;;Hoyte;Stoffelsz.;;Roucoma;;284016453;gereformeerd?;Dutch Reformed;known;organist, collecteur van het beestiaal,  koster;2;;;;;;1;Civil servants;;schoolmeester en soms ,schrijver in dronrijp;Education;1661;c;Burchwert;1719;c;;m;;
A102;1719_Brus_Hage;Brussel;Haghen, Guillielmus  van der ;;Guillielmus;;van der ;Haghen;;;katholiek;Roman Catholic;known;;;;;;;;;;;Prior van Groenendael, kloosterling;Clergy, monastics, ministers;1641;c;;1722;c;;m;;
A104;1719_Tong_anon;Tongeren;Anoniem;;;;;;;;Katholiek;Roman Catholic;;;;;;;;;;;;;Unknown;Na 1719;u;;;u;;u;;
A105;1720_Brus_Anon;Brussel;Anoniem;;;;;;;;;;;;;;;;;;;;;;Unknown;;u;;;u;;u;;
A106;1721_Antw_Anon;Antwerpen;Anoniem;;;;;;;;katholiek;Roman Catholic;;;;;;;;;;;;Werkzaam in het brouwersgilde?;Crafts and Trades;Voor 1665;u;;Na 1721;u;;u;;
A107;1722_Huiz_Lust;Huizen;Lustigh, Lambert  Rijckxz. ;;Lambert; Rijckxz.;;Lustigh;;;Gereformeerd;Dutch Reformed;known;Schepen van Huizen, schaarmeester, onderhoudsman van de afwatering;;;1;1;;;;Local government;;veehouder, schaarmeester, onderhoudsman van de afwatering;Farmers;1656?;u;Huizen;1727;c;;m;;
A108;1724_Oost_Daal;Oostzaan;Daalder, Jan Sijmons ;;Jan;Sijmons;;Daalder;;;Gereformeerd;Dutch Reformed;;koster?;1;;;;;;;Church;;Koster?;Unknown;1655;c;;1724;c;;m;;
A109;1725_Antw_Anon;Antwerpen;Anoniem;;;;;;;;;;;;;;;;;;;;;;Unknown;;u;;;u;;u;;
A110;1735_Dokk_Hesm;Dokkum;Hesman, Gerrit  ;;Gerrit;;;Hesman;;284391480;gereformeerd;Dutch Reformed;;onduidelijk, maar goed op de hoogte, zegt ook rekeningen gezien te hebben;;;;;;;;;;schilder, dichter;Crafts and Trades;1661;c;Dokkum;1713?;u;Dokkum;m;;http://www.biografischportaal.nl/persoon/85841908
A250;1735_Dokk_Hesm;Dokkum;Anoniem;;;;;anoniem;;;gereformeerd;Dutch Reformed;;;;;;;;;;;;;Unknown;Voor 1693;u;;Na 1735;u;;u;;
A111;1744_Brus_Anon;Brussel;Anoniem;;;;;Anoniem;;;katholiek;Roman Catholic;;burger/schutter?;;;;;;1;;;;;Unknown;;u;;;u;;u;;
A112;1745_Kort_Anon;Kortrijk;Anoniem;;;;;;;;Katholiek;Roman Catholic;;;;;;;;;;;;;Unknown;;u;;;u;;u;;
A114;1747_Amst_Boer;Amsterdam;Boer, Jan  de;;Jan;;de;Boer;;;Katholiek;Roman Catholic;known;zanger en organist van de Papegaay;1;;;;;;;Church;Musician;Kantoormedewerker wijnhandelaar, ;Recordkeepers and writers;1694;c;Haarlem;1764;c;Amsterdam;m;;
A236;1747_Phil_Over;Philipinne;Overveldt, Nicolaas van;;Nicolaas;;van;Overveldt;;;gereformeerd;Dutch Reformed;;predikant;1;;;;;;;Church;Theologie, wrsch in geboortestad Leiden;predikant, sinds 1726 in Philippine;Clergy, monastics, ministers;1693;c;Leiden;1751;c;;m;;
A113;1747_Utre_Woer;Utrecht;Woertman, Dirk  ;;Dirk;;;Woertman;;284687022;gereformeerd;Dutch Reformed;known;Lid van de  vroedschap van Utrecht, schuttersofficier, gecommitteerde bij de staten-generaal;;2;;;;1;;Local government;jurist?;;Unknown;1719;c;Utrecht;1769;c;Utrecht;m;;http://www.biografischportaal.nl/persoon/61771485
A115;1748_Berg_Folk;Bergen op Zoom;Folkers, Jacobus Adrianus  ;;Jacobus Adrianus;;;Folkers;;289687759;gereformeerd;Dutch Reformed;known;predikant;1;;;;;;;Church;Latijnse school, theologie in Groningen en Leiden;Predikant;Clergy, monastics, ministers;1680;c;Appingedam;1762;c;Bergen op Zoom;m;;
A116;1748_Leeu_Vege;Leeuwarden;Vegelin, Jan (Johan)  ;;Jan (Johan);;;Vegelin;van Claerbergen;290426978;gereformeerd;Dutch Reformed;known;Grietman van Doniawerstal, lid van gedeputeerde staten van Friesland, gecommiteerde van provinciale Rekenkamer van Friesland;;2;;1;;;;Local government;jurist;Rentmeester geestelijke goederen Kempenland, Raadsheer Hof van Friesland;Stewards;1690;c;Oldeboorn;1773;c;Langweer;m;https://nl.wikipedia.org/wiki/Johan_Vegelin_van_Claerbergen;
A117;1749_Haar_Barn;Haarlem;Barnaart, Jacobus  junior;;Jacobus;;;Barnaart;junior;;Doopsgezind;Mennonite;;;;;;;;;;;Latijnse school, universiteit;handelaar in manufacturen, directeur van het Teylers Genootschap en museum;Merchants;1726;c;Haarlem;1780;c;Haarlem;m;https://en.wikipedia.org/wiki/Jacobus_Barnaart;
A118;1749_Loke_Smet;Lokeren;Boene, Jacobus   ;;Jacobus;;;Boene;;;Katholiek;Roman Catholic;;;;;;;;;;;;schoenmaker;Crafts and Trades;1662;c;;Na 1720;u;;m;;
A121;1749_Loke_Smet;Lokeren;Staesens, Jacob Pieters  overgrootvader van Staesens?;;Jacob;Pieters;;Staesens;overgrootvader van Staesens?;;Katholiek;Roman Catholic;known;;;;;;;;;;;koperslager, ambachtsman;Crafts and Trades;;u;;Na 1749;u;;m;;
A119;1749_Loke_Smet;Lokeren;Clerc, Pieter  De ;;Pieter;;De;Clerc;;;katholiek;Roman Catholic;;burgerwacht of ieg actief in oorlogstijd, burgemeester van het Beversche;;1;;;;1;;Local government;;lakenwinkelier;Merchants;1638;c;;Na 1677;u;;m;;
A120;1749_Loke_Smet;Lokeren;Smet, Nicolaes  de ;;Nicolaes;;de;Smet;;;katholiek;Roman Catholic;;;;;;;;;;;;;Unknown;;u;;Na 1585;u;;m;;
A122;1749_Maas_Anon, 1762_Maas_Anon;Maastricht;Anoniem;;;;;;;;gereformeerd;Dutch Reformed;;;;;;;;;;;;militair, lid van het garnizoen in Maastricht;Military;;u;;;u;;m;;
A123;1749_Rott_Sche;Rotterdam;Schelling, Pieter  van der;;Pieter;;van der;Schelling;;1274154381066730291935;remonstrant;Remonstrant;known;predikant;1;;;;;;;Church;theologie aan het seminarium der remonstranten in Amsterdam, rechten aan Athenaeum Illustre in Amsterdam. ;Remonstrants predikant, rechtsgeleerde, oudheidkundige;Clergy, monastics, ministers;1691;c;Rotterdam;1750;c;Rotterdam;m;https://nl.wikipedia.org/wiki/Pieter_van_der_Schelling;http://www.biografischportaal.nl/persoon/46744937
A124;1750_Gent_Anon;Gent;Anoniem,   ;;;;;Anoniem;;;katholiek;Roman Catholic;known;;;;;;;;;;;;Unknown;;u;;Na 1750;u;;u;;
A125;1751_Kort_Roye;Kortrijk;Royère, Jean-Claude  de la;;Jean-Claude;;de la;Royère;;289374105;katholiek;Roman Catholic;;had toegang tot de stedelijke archieven en duidelijk ook oudheidkundige belangstellng;;1;;;;;;;;;Unknown;1675;c;;1758;c;;m;;
A237;1752_Zaan_Kraa;Zaandam;Kraamer, Simon Jacobsz.;;Simon;Jacobszoon;;Kraamer;;;doopsgezind;Mennonite;;;;;;;;;;;;veehouder;Farmers;1700?;u;;1752;c;;m;;
A126;1752_Zaan_Veen;Zaandam;Veen, Cornelis  ;;Cornelis;;;Veen;;;gereformeerd;Dutch Reformed;known;;;;;;;;;;;;Unknown;Voor 1710;u;;Na 1751;u;;m;;
A127;1753_Vars_Verm;Varsenare;Vermeersch, J.;;J.;;;Vermeersch;;;katholiek;Roman Catholic;;koster;1;;;;;;;Church;;koster;Civic offices;Voor 1720;u;;Na 1753;u;;m;;
A128;1753_Vlis_Anon;Vlissingen;Anoniem;;;;;;;;gereformeerd;Dutch Reformed;;;;;;;;;;;overgrootvader had Latijnse school en was predikant;;Unknown;Voor 1680;u;;Na 1753;u;;m;;
A233;1753_Waas_Anon;Waasland;Anoniem;;;;;;;;katholiek;Roman Catholic;known;priester?/kapelaan?;1;;;;;;;Church;priester?;priester?/kapelaan?;Unknown;;u;;Na 1753;u;;m;;
A244;1754_Loss_Leur;Losser;Aleida Leurink;;Aleida;;;Leurink;;;gereformeerd;Dutch Reformed;;;;;;;;;;;;Dominees vrouw en boerin;Farmers;1682;c;;1755;c;;v;;
A103;1755_Hoor_Spru;Hoorn;Spruijt, Jurriaan  ;;Jurriaan;;;Spruijt;;;gereformeerd;Dutch Reformed;known;stadsbeiaardier en organist;1;;;;;;;Church;Musician;stadsbeiaardier van Hoorn, organist sinds 1718;Civic offices;1701;c;Hoorn;1779;c;Westwoud;m;;
A130;1755_Leuv_Anon;Leuven;Anoniem;;;;;;;;katholiek;Roman Catholic;;;;;;;;;;;;;Unknown;;u;;Na 1755;u;;u;;
A234;1756_Waas_Anon_01;Sint-Niklaas;Anoniem;;;;;;;;katholiek;Roman Catholic;;heeft toegang tot de archieven en tot boeken, ook citaten in het Frans;;1;;;;;;;;;Unknown;;u;;Na 1756;u;;u;;
A235;1756_Waas_Anon_02;Sint-Niklaas;Anoniem;;;;;;;;katholiek;Roman Catholic;;heeft toegang tot de archieven en tot boeken, ook citaten in het Frans;;1;;;;;;;;;Unknown;;u;;Na 1756;u;;u;;
A131;1758_Maas_Anon;Maastricht;Anoniem;;;;;;;;katholiek;Roman Catholic;;;;;;;;;;;;;Unknown;;u;;Na 1758;u;;u;;
A132;1759_Hoeg_Kemp;Hoegaarden;Adriaan Peeters;;Adriaan;;;Peeters;;;katholiek;Roman Catholic;;;;;;;;;;;;econoom van het Bogaardenklooster;Tax collectors and bookkeepers;Voor 1659;u;;1702;c;;m;;
A251;1759_Hoeg_Kemp;Hoegaarden;Johan Franciscus van Barle;;Johan Franciscus;;van;Barle;;;katholiek;Roman Catholic;;;;;;;;;;;;econoom van het Bogaardenklooster;Tax collectors and bookkeepers;Voor 1714;u;Meerhout;Na 1759;u;;m;;
A133;1760_Alkm_Bont;Alkmaar;Bontius, Joachim  de Waal;;Joachim;;;Bontius;de Waal;32156760370140800000;katholiek;Roman Catholic;;;;;;;;;;;;rentenier, bibliothecaris, iets in de bouw;Crafts and Trades;1702;c;Alkmaar;1759;c;Alkmaar;m;;
A135;1762_Maas_Anon;Maastricht;Anoniem;;;;;;;;;;;;;;;;;;;;;militair, lid van het garnizoen in Maastricht;Military;Voor 1729;u;;Na 1762;u;;m;;
A136;1766_Mech_Beth;Mechelen;Anoniem;;;;;;;;katholiek;Roman Catholic;;;;;;;;;;;;kloosterzuster;Clergy, monastics, ministers;;u;;Na 1766;u;;v;;
A245;1770_Kate_Pols;Katendrecht;Pols, Pieter van der;;Pieter Pluen;;Van der;Pols;;;gereformeerd of remonstrants;Remonstrant;known;heemraad, schepen, ontvanger;;1;1;;;;1;Local government;2-3 weken schrijfonderwijs;boer;Farmers;1695;c;Ridderkerk;Na 1770;u;Katendrecht;m;;
A137;1772_Amst_Bikk;Amsterdam;Bikker Raye, Jakob  ;;Jakob;;;Bikker Raye;;;Gereformeerd ;Dutch Reformed;;collecteur van de accijns op turf en kolen, boekhouder van het korenboek en vendumeester van de vis op de Grote Zeevismarkt;;;;;;1;3;Unpaid civic offices;;collecteur van de accijns op turf en kolen, boekhouder van het korenboek en vendumeester van de vis op de Grote Zeevismarkt;Tax collectors and bookkeepers;1703;c;Amsterdam;1777;c;Amsterdam;m;https://nl.wikipedia.org/wiki/Jacob_Bicker_Raye;
A139;1776_Hale_Anon;Halen;Anoniem,   ;;;;;Anoniem;;;katholiek;Roman Catholic;;;;;;;;;;;;kloosterzusters;Clergy, monastics, ministers;;u;;;u;;v;;
A093;1776_Mech_Nieu;Mechelen;Nieuwenhuysen, Hendrik Dominik  van den;;Hendrik Dominik;;van den;Nieuwenhuysen;;;katholiek;Roman Catholic;;provisor en directeur van de Putterij, armenschool St Helwijch;;;;;;;1;Civil servants;;kapelaan, provisor en directeur armenschool St Helwijch, ‘de Putterij’ in Mechelen;Clergy, monastics, ministers;1724;c;;1780;c;;m;;
A191;1779_Spaa_Beer, 1816_Amst_Beer;Spaarndam;Beer, Zacheus J.G.  de;;Zacheus J.G.;;de;Beer;;;gereformeerd;Dutch Reformed;;schutter, sluiswachter;;;;;;1;1;Civil servants;;sluiswachter, koopman;Merchants;1739;c;;1821;c;Haarlem;m;;
A089;1781_Brug_Ledo;Brugge;Inbona, Jacques/Jacobus  ;;Jacques/Jacobus;;;Inbona;;;katholiek;Roman Catholic;;'patricier?’/pestmeester, kassier van de ontvanger van het Brugse Vrije;;;;1;;;1;Civil servants;;kassier van de ontvanger van het Brugse Vrije;Tax collectors and bookkeepers;;u;;1714;c;;m;;
A141;1785_Leeu_Sluy;Leeuwarden;Sluyterman, Lammoraal Albertus Aemilius  ;;Lammoraal Albertus Aemilius;;;Sluyterman;;;gereformeerd;Dutch Reformed;;commies konvooien en licenten Workum. Lid van de staten van Friesland, gemeenteraadslid;;2;;;;;1;Local government;;militair, eigenerfde herenboer;Military;1757;c;Balk;1838;c;Workum;m;;http://www.biografischportaal.nl/persoon/57061980
A142;1786_Mech_Munc;Mechelen;Munck, Jozef Jacob  de;;Jozef Jacob;;de;Munck;;;katholiek;Roman Catholic;;               ;;;;;;;;;;apostolisch notaris;Town secretaries and notaries;1740;c;Mechelen;1792;c;Mechelen;m;;http://www.biografischportaal.nl/persoon/63010320
A143;1787_Fran_Anon;Franeker;Anoniem;;;;;;;;;;;;;;;;;;;;;;Unknown;;u;;Na 1787;u;;u;;
A144;1787_Gent_Anon;Gent;Anoniem;;;;;;;;katholiek;Roman Catholic;;misschien kerkmeester;;;;;;;1;Church;;misschien koster;Unknown;Voor 1750;u;;Na 1787;u;;u;;
A090;1790_Brug_Ledo;Brugge;Ledoulx, Pieter  ;;Pieter;;;Ledoulx;;;katholiek;Roman Catholic;;;;;;;;;;;;schilder/ geschiedschrijver;Crafts and Trades;1730;c;Brugge;1807;c;Brugge;m;https://nl.wikipedia.org/wiki/Pieter_Ledoulx;http://www.biografischportaal.nl/persoon/12781379
A151;1790_Mech_Wijn;Mechelen;Wijndrickx, Jan Jozef  ;;Jan Jozef;;;Wijndrickx;;;katholiek;Roman Catholic;known;;;;;;;;1;Licensed officer;;notaris;Town secretaries and notaries;1711;c;;1798;c;;m;;
A153;1792_Brie_Klui;Brielle;Kluit, Jan  ;;Jan;;;Kluit;;290713276;Gereformeerd;Dutch Reformed;known;"brandmeester; luitenant schutterij Blauwe Vendel;hoofdgaarder van de gemenelandsmiddelen in Brielle";;;;1;;1;1;Civil servants;Franse school;"bakkersleerling te Den Briel; hoofdgaarder van de gemenelandsmiddelen in Brielle";Tax collectors and bookkeepers;1722;c;Brielle;1811;c;Brielle;m;;
A156;1793_Bred_Ouko;Breda;Andries Oukoop;;Andries;;;Oukoop;;;Gereformeerd;Dutch Reformed;;Lid Schoolcommissie Breda;;;;1;;;;Unpaid civic offices;Franse en Latijnse school;"gemeente secretaris;notaris";Town secretaries and notaries;1771;c;Breda?;1827;c;Breda;m;;
A146;1794_Bosc_Acke;Den Bosch;Ackersdijck, Willem Cornelis  ;;Willem Cornelis;;;Ackersdijck;;288898442;Gereformeerd;Dutch Reformed;known;staatsraad in buitengewone dienst, secretaris 's Hertogenbosch, vrederechter in Utrecht;;;1;;;;1;Civil servants;Latijnse school, rechten in Utrecht;advocaat, ;Councilors and Lawyers;1760;c;s Hertogenbosch;1843;c;Rotterdam;m;https://nl.wikipedia.org/wiki/Willem_Cornelis_Ackersdijck;http://www.biografischportaal.nl/persoon/65479180
A157;1794_Goud_Anon;Gouda;Anoniem;;;;;;;;;;;;;;;;;;;;;;Unknown;;u;;;u;;u;;
A160;1794_Zwol_Door;Zwolle;Doorenweerd, Bartholomeus  ;;Bartholomeus;;;Doorenweerd;;287763512;katholiek;Roman Catholic;;pastoor;1;;;;;;;Church;"Klein college Kevelaer; artes en theologie Douai";priester en publicist;Clergy, monastics, ministers;1767;c;Zwolle;1832;c;Kampen;m;;http://www.biografischportaal.nl/persoon/91358253
A161;1795_Deve_Jord;Deventer;Jordens, Coenraad Alexander  ;;Coenraad Alexander;;;Jordens;;285431163;;;known;"burgemeester Deventer; lid wetgevend lichaam Bataafse Gemenebest";;2;;;;;;Local government;;advocaat;Councilors and Lawyers;1749;c;Deventer;1807;c;Deventer;m;;http://www.biografischportaal.nl/persoon/26825389
A162;1795_Harl_Tous;Harlingen;Toussaint, Johan Daniel  ;;Johan Daniel;;;Toussaint;;53455539;gereformeerd;Dutch Reformed;known;"Kapitein schutterij; burgemeester Harlingen";;1;;;;1;;Local government;;;Unknown;1755;c;;1811;c;Harlingen;m;;http://www.biografischportaal.nl/persoon/50934745 
A163;1795_Maas_Loye;Maastricht;Ludovicus Franciscus Loyens;;Ludovicus Franciscus;;;Loyens;;;katholiek;Roman Catholic;;"Schepen Maastricht; griffier Luiks Hooggerecht";;1;;;;;;Local government;;Griffier Luiks Hooggerecht;Civic administration;1689;c;;1753;c;Maastricht;m;;
A253;1795_Maas_Loye;Maastricht;Anoniem;;;;;;;;katholiek;Roman Catholic;;;;;;;;;;;;;Unknown;;u;;;u;;u;;
A164;1795_Mege_Loef;Megen;Loeffen, Joannes  ;;Joannes;;;Loeffen;;;katholiek;Roman Catholic;;;;;;;;;;;"Latijnse school; rechten Keulen";Scribent (schrijver in dienst van verschillende personen);Recordkeepers and writers;1768;c;Megen;;u;;m;;
A165;1795_Zalt_Kist;Zaltbommel;Kist, Joost Gerard  ;;Joost Gerard;;;Kist;;160551242;gereformeerd;Dutch Reformed;;predikant;1;;;;;;;Church;godgeleerdheid Leiden;predikant;Clergy, monastics, ministers;1756;c;Woerden;1815;c;Zaltbommel;m;;http://www.biografischportaal.nl/persoon/12779479
A166;1796_Antw_Aars;Antwerpen;Aarssen, Jan (Johannes Lucas)  van;;Jan (Johannes Lucas);;van;Aarssen;;;katholiek?;Roman Catholic;;;;;;;;;;;;stoofmaker en koperslager;Crafts and Trades;1728;c;Rotterdam;1802;c;Antwerpen;m;;
A167;1796_Leeu_Buma;Leeuwarden;Buma,  Anna Elisabeth  ;; Anna Elisabeth;;;Buma;;284479429;Gereformeerd (remonstrant?);Remonstrant;known;;;;;;;;;;;dichter;Rentiers;1750;c;IJsbrechtum;1825;c;Leeuwarden;v;;http://www.biografischportaal.nl/persoon/18252441
A152;1796_Purm_Louw;Purmerend;Louwen, Albert Pieterszoon ;;Albert;Pieterszoon;;Louwen;;;gereformeerd;Dutch Reformed;known;"Kerkmeester, wachtmeester, vroedschap o.a.; korporaal schutterij";;1;;1;;1;;Local government;;Wijnhandelaar;Merchants;1722;c;Purmerend;1798;c;Purmerend;m;;
A168;1797_Alkm_Anon;Alkmaar;Panders, Jan  van;;Jan;;van;Panders;;290716576;gereformeerd;Dutch Reformed;known;"ijkmeester; adjunct-hoofdgaarder; oprichter patriottisch genootschap; stads-chercher";;;;1;1;;;Civil servants;;zevenmaker, ijkmeester;Crafts and Trades;1747;c;Alkmaar;1809;c;;m;;http://www.biografischportaal.nl/persoon/35641238
A169;1797_Brst_Mori;Brustem;Moriëns, Egidius  ;;Egidius;;;Moriëns;;;katholiek;Roman Catholic;;armenmeester;;;;1;;;;Unpaid civic offices;;Labeurman (landarbeider) in 1795;Labourers;1743;c;;1829;c;;m;;
A147;1798_Brus_Anon;Brussel;Anoniem;;;;;;;;katholiek;Roman Catholic;;;;;;;;;;;;;Unknown;;u;;Na 1798;u;;u;;
A199;1799_Roer_Schr;Roermond;Schreurs, Pieter Hendrik  ;;Pieter Hendrik;;;Schreurs;;;katholiek;Roman Catholic;;griffier bij het vredegerecht;;;;;;;;Civil servants;;griffier bij het vredegerecht;Civic administration;;u;;;u;;m;;
A171;1800_Brug_Wall;Brugge;Walleghem, Jozef  Van;;Jozef;;Van;Walleghem;;31552116;katholiek;Roman Catholic;known;deken merceniers ambacht;;;;;1;;;Guilds and societies;;mercenier (dobbelstellier);Crafts and Trades;1757;c;Brugge;1801;c;Brugge;m;;
A172;1800_Zier_Reij;Zierikzee;Reijnierse, Luc  ;;Luc;;;Reijnierse;;;gereformeerd;Dutch Reformed;;;;;;;;;;;;;Unknown;;u;;;u;;m;;
A173;1801_Hilv_Jage;Hilversum;Jager, Cornelis Hendrikszoon de ;;Cornelis;Hendrikszoon;de;Jager;;306175114;katholiek (jansenist);Roman Catholic;;;;;;;;;;;;;Unknown;1735;c;hilversum;1816;c;Hilversum;m;;
A174;1801_Huis_Anon;Huissen;Anoniem;;;;;;;;katholiek;Roman Catholic;;;;;;;;;;;;kloosterzusters;Clergy, monastics, ministers;;u;;;u;;v;;
A170;1802_Brus_Anon;Brussel;Anoniem,   ;;;;;Anoniem;;;katholiek;Roman Catholic;;;;;;;;;;;;;Unknown;;u;;;u;;u;;
A198;1802_Roer_Rama;Roermond;Ramaekers,   ;;;;;Ramaekers;;;katholiek;Roman Catholic;;zoldermeester;;;;;;;1;Civil servants;;zoldermeester;Tax collectors and bookkeepers;;u;;;u;;m;;
A176;1802_Venl_Post;Venlo;Postel, Johannes Chrysostomus  van;;Johannes Chrysostomus;;van;Postel;;;katholiek;Roman Catholic;;pastoor;1;;;;;;;Church;;pastoor;Clergy, monastics, ministers;1743;c;Antwerpen;1800;c;Venlo;m;;http://www.biografischportaal.nl/persoon/15566502
A177;1802_Weer_Goof;Weert;Goofers, Lambertus  ;;Lambertus;;;Goofers;;287177875;katholiek;Roman Catholic;;;;;;;;;;;;boer?;Unknown;1771;c;;1835;c;Weert;m;;
A180;1805_Haar_Vinn;Haarlem;Vincent Jansz van der Vinne;;Vincent;Jansz;van der;Vinne;;19454153;doopsgezind;Mennonite;;lid Lucasgilde;;;;;;;;;;kunstschilder, kunsthandelaar, kastelein Teylers Museum;Crafts and Trades;1736;c;Haarlem;1811;c;Haarlem ;m;;http://www.biografischportaal.nl/persoon/01014097
A140;1806_Rott_Beef;Rotterdam;Beeftingh, Josua  van;;Josua;;van;Beeftingh;;287536940;gereformeerd;Dutch Reformed;;commissaris van het waterrecht;;;1;;;;;Unpaid civic offices;rechten in Leiden;advocaat, vendumeester bij de admiraliteit van de Maze, Commissaris van het waterrecht;Councilors and Lawyers;1719;c;Rotterdam;1806;c;Rotterdam;m;;
A181;1807_Enkh_Hoog;Enkhuizen;Hoogland, Luijt  ;;Luijt;;;Hoogland;;211415405;Gereformeerd;Dutch Reformed;;;;;;;;;;;;touwslager, aanzegger begrafenissen, orgeltrapper;Crafts and Trades;1727;c;Enkhuizen;1808;c;Enkhuizen;m;;
A182;1807_Leuv_Pelc;Leuven;Pelckmans, Michael Frans Hendrizkszoon ;;Michael Frans;Hendrizkszoon;;Pelckmans;;;katholiek;Roman Catholic;;"deken wijntaverniers-gilde; vanaf 1793 schepen";;1;;;1;;;Local government;wijsbegeert universiteit leuven;;Unknown;1732;c;leuven;1808;c;leuven;m;;
A183;1808_Gent_Quic;Gent;Quickenborne, François Xavier  Van;;François Xavier;;Van;Quickenborne;;;katholiek;Roman Catholic;;;;;;;;;;;;azijnlegger;Crafts and Trades;1726;c;;1814;c;;m;;
A184;1808_Stee_Verv;Steenvoorde;Vervot, G.A.  ;;G.A.;;;Vervot;;;katholiek?;Roman Catholic;;;;;;;;;;;;;Unknown;1738;c;;1838;c;;m;;
A186;1813_Haag_Baak;Den Haag;Baake, Nicolaas Johannes  ;;Nicolaas Johannes;;;Baake;;;gereformeerd;Dutch Reformed;;Kapitein schutterij (zesde compagnie);;;;;;1;;Unpaid civic offices;;spiegelmaker;Crafts and Trades;1781;c;Den Haag;1816;c;Den Haag;m;;
A187;1813_Zaan_Dekk;Zaandam;Dekker, Cornelis Kartensz. ;;Cornelis;Kartensz.;;Dekker;;;mennoniet;Mennonite;;;;;;;;;;;;Onduidelijk, heeft veel banen voor korte tijd gehad;Unknown;1741;c;;1816;c;;m;;
A242;1814_Koog_Boov;Koog aan de Zaan;Pergu, Helena Jacobs;;Helena;Jacobs;;Pergu;;;;;;;;;;;;;;;;Schoolmeesteres Koog aan de Zaan;Education;;u;;1829;c;Koog aan de Zaan;v;;
A241;1814_Koog_Boov;Koog aan de Zaan;Booven, Cornelis van;;Corelis;;van;Booven;;;gereformeerd;Dutch Reformed;;;;;;;;;;;;;Unknown;;u;;1806;c;;m;;
A188;1814_Leeu_Stor;Leeuwarden;Storm, Roelof  ;;Roelof;;;Storm;;21155189997882132326;gereformeerd;Dutch Reformed;;"lid vroedschap; hopman schutteri; schepen; burgemeester";;2;1;;;1;;Local government;;;Unknown;1733;c;Leeuwarden;1819;c;Leeuwarden;m;;http://www.biografischportaal.nl/persoon/80177318
A189;1814_Twis_Kamp;Twisk;Kamp, Pieter Klaasen ;;Pieter;Klaasen;;Kamp;;;doopsgezind;Mennonite;;"Commissaris huwelijkse zaken; diaken";1;1;;;;;;Unpaid civic offices;;Boer;Farmers;1757;c;Abbekerk;1835;c;Twisk;m;;
A190;1814_Worm_Ding;Wormerveer;Dingenom, Pieter Cornelis  ;;Pieter Cornelis;;;Dingenom;;;gereformeerd;Dutch Reformed;known;;;;;;;;;;;;Unknown;1738;c;Krommenie;1817;c;Zaandijk;m;;
A195;1817_Antw_Stra;Antwerpen;Straelen, Jan Frans  van der;;Jan Frans;;van der;Straelen;;5293569;katholiek;Roman Catholic;;wijkmeester, griffier politiekamer, drossaard, schout, kapitein patriotten;;;1;1;;1;1;Local government;;wijkmeester, griffier politiekamer, drossaard, schout, kapitein patriotten;Civic administration;1731;c;Antwerpen;1801;;;m;;
A194;1817_Antw_Stra;Antwerpen;Straelen, Jan Baptist  van der;;Jan Baptist;;van der;Straelen;;285446787;katholiek;Roman Catholic;;;;;;;;;;;Academie Schone Kunsten;schilder, graveur;Crafts and Trades;1761;c;Antwerpen;1847;c;;m;;
A192;1818_Broe_Bakk;Broek in Waterland;Bakker, Symon Petrus  ;;Symon Petrus;;;Bakker;;282333785;gereformeerd;Dutch Reformed;;Burgemeester van Broek in Waterland;;1;;;;;;Local government;;;Unknown;1783;c;Broek in Waterland;1836;;Amsterdam;m;;
A193;1818_Nijm_Beto;Nijmegen;Betouw, Johannes  in de;;Johannes;;in de;Betouw;;29557491;;;;lid gemeenteraad;;1;;;;;;Local government;;advocaat, oudheidkundige;Councilors and Lawyers;1732;c;Nijmegen;1820;c;Nijmegen;m;https://nl.wikipedia.org/wiki/Johannes_in_de_Betouw#:~:text=Johannes%20in%20de%20Betouw%20(Nijmegen,en%20van%20een%20invloedrijk%20geslacht.;http://www.biografischportaal.nl/persoon/25545735
A196;1819_Binn_Kars;Binnenwijzend;Karsten, Jan Janszoon ;;Jan;Janszoon;;Karsten;;;katholiek;Roman Catholic;known;gedeputeerde en baljuw van Binnenwijzend;;1;1;;;;;Local government;;Boer en kaasmaker;Farmers;1754;c;;1808;c;;m;;
A197;1819_Roer_Loos;Roermond;Loosen,  Maria Helena van;Juffrouw;;Maria Helena;van;Loosen;;;katholiek;Roman Catholic;;;;;;;;;;;;;Unknown;1746/1747;c;Roermond;1837;c;Roermond;v;;
A202;1820_Rhen_Vree;Rhenoy;Vree, Johannes Josephus  van;;Johannes Josephus;;van;Vree;;;katholiek;Roman Catholic;;Kerkmeester ;1;;;;;;;Church;;Boterhandelaar, rentmeester;Merchants;1786;c;Middelburg;1849;c;Middelburg;m;;
A178;1820_Zier_Groe;Zierikzee;Groeneijk, Olivier  ;;Olivier;;;Groeneijk;;288439002;Nederduitsch Hervormd?;Dutch Reformed;;Secretaris Woerden;;;;;;;1;Civil servants;;secretaris Woerden, klerk stadhuis Zierikzee;Town secretaries and notaries;1771;c;Woerden;1835;c;Zierikzee;m;;http://www.biografischportaal.nl/persoon/44947938
A179;1821_Brus_Goet;Brussel;Anoniem;;;;;Anoniem;;;katholiek;Roman Catholic;;;;;;;;;;;;;Unknown;;u;;;u;;u;;
A203;1821_Brus_Goet;Brussel;Goetval,   ;;;;;Goetval;;;katholiek;Roman Catholic;;;;;;;;;;;;;Unknown;;u;;;u;;m;;
A204;1823_Zaan_Groo;Zaandam;Groot, Simon Jacobszoon ;;Simon;Jacobszoon;;Groot;;;Doopsgezind;Mennonite;known;Binnenvader Weeshuis Friese doopsgezinde gemeente;;;;;;;1;Civil servants;;tuinman, handelaar groente en fruit;Farmers;1785;c;;1855;c;;m;;
A205;1825_Brug_Verb;Brugge;Verbrugge, Jan Karel  ;;Jan Karel;;;Verbrugge;;96206835;katholiek;Roman Catholic;;;;;;;;;;;Stedelijke Academie Schone Kunsten;kunstenaar, gaf vier jaar kunstlessen aan kinderen van rijke families ;Crafts and Trades;1756;c;Brugge;1831;c;Brugge;m;;http://www.biografischportaal.nl/persoon/51925292
A206;1825_Oude_Rante;Oudenaarde;Rantere, Bartolomeus  de;;Bartolomeus;;de;Rantere;;70199488;katholiek;Roman Catholic;;"Lid volontair corps ‘patriotten’; lid Stedelijke Commissie tot bewaarnis der gedenkstukken van Kunst en Geschiedenis ";;;;;1;1;;Unpaid civic offices;;kleermaker, archiefbeambte;Crafts and Trades;1775;c;Oudenaarde;1831;c;Oudenaarde;m;;
A207;1826_Amel_Sorg;Ameland;Sorgdrager, Cornelis Pieter  ;;Cornelis Pieter;;;Sorgdrager;;290199304;Doopsgezind (Jan Jacobs);Mennonite;;voorganger gemeente Jan Jacobsvolk;1;;;;;;;Church;;winkelier, timmerman;Crafts and Trades;1759;c;Hollum (Ameland);1826;c;Amsterdam;m;;http://www.biografischportaal.nl/persoon/53593261 ? birth year does not match
A254;1826_Hoor_Voor;Hoorn;Voorst, Klaas van;;Klaas;;van;Voorst;;;gereformeerd;Dutch Reformed;;Onderofficier compagnie (Patriot);;;;;;1;;Unpaid civic offices;;Horloge en klokkenmaker ;Crafts and Trades;1745;c;De Rijp;1826;c;Hoorn;m;;
A138;1826_Snee_Napj;Sneek;Napjus, Eelko;;Eelko;;;Napjus;;195452545;Hervormd;Dutch Reformed;known;trommelslager, executeur, stadsmajoor;;;;;;1;2;Civil servants;;trommelslager, executeur, stadsmajoor;Civic offices;1728;c;Sneek;1803;c;Sneek;m;https://nl.wikipedia.org/wiki/Eelco_Napjus;http://www.biografischportaal.nl/persoon/72463740
A208;1829_Leuv_Hous;Leuven;Hous, Jan Baptist  ;;Jan Baptist;;;Hous;;;katholiek;Roman Catholic;;brievenbesteller;;;;;;;1;Civil servants;;pruikenmaker, brievenbesteller;Crafts and Trades;1756;c;Leuven;1830;c;Leuven;m;https://nl.wikipedia.org/wiki/Jan_Baptist_Hous;
A209;1830_Tilb_Leli;Tilburg;Lelie, Laurens  de;;Laurens;;de;Lelie;;;katholiek;Roman Catholic;;;;;;;;;;;;Kaardenmaker (voor het uit elkaar kammen van wol);Crafts and Trades;1757;c;Tilburg;1831;c;Tilburg;m;;
A210;1831_Roer_Beri;Roermond;Beringen, Sebastiaan  van;;Sebastiaan;;van;Beringen;;;katholiek;Roman Catholic;;Hoofd fabrieken en molens aan de Roer;;;;1;;;;Civil servants;;Hoofd fabrieken en molens aan de Roer;Tax collectors and bookkeepers;;u;Roermond;;u;;m;;
A211;1835_Gent_Call;Gent;Callion, Edouard  ;;Edouard;;;Callion;;;katholiek;Roman Catholic;;;;;;;;;;;;azijnlegger?;Crafts and Trades;;u;;;u;;m;;
A212;1835_Leuv_Lame;Leuven;Lameere, Jacques Benoit  ;;Jacques Benoit;;;Lameere;;283902451;katholiek;Roman Catholic;;;;;;;;;;;;proeflezer bij drukkerij;Recordkeepers and writers;1790;c;Brugge;1863;c;Leuven;m;;
A158;1838_Hoor_Anon;Hoorn;Anoniem;;;;;;;;;;;;;;;;;;;;;;Unknown;;u;;;u;;u;;
A213;1844_Heez_Moor;Heeze;Moorsel, Hendrik Godefridus  van;;Hendrik Godefridus;;van;Moorsel;;280041677;katholiek;Roman Catholic;;Kapitein-kwartiermeester Nederlandse schutterij;;;;;;1;1;Unpaid civic offices;;secretaris van Heeze, Leende en Someren, kandidaat-notaris;Town secretaries and notaries;1793;c;Duinkerken;1851;c;Heeze;m;;
A149;1846_Antw_Coni;Antwerpen;Coninck, F.J.  de;;F.J.;;de;Coninck;;;katholiek;Roman Catholic;known;;;;;;;;;;;lesgever (naar eigen zeggen);Education;1763?;u;;;u;;m;;
A215;1851_Zier_Bloo;Zierikzee;Moens, Adriaan  van Bloois;;Adriaan;;;Moens;van Bloois;;hervormd;Dutch Reformed;;Raad en schepen Zierikzee, lid Provinciale Staten Zeeland;;3;;;;;;Local government;;jurist/ rechter;Councilors and Lawyers;1791;c;Zierikzee;1855;c;Zierikzee;m;;
A218;1853_Drac_Meer;Drachten;Meer, Dirk Harts van der;;Dirk;Harts;van der;Meer;;;hervormd;Dutch Reformed;known;;;;;;;;;;;Geneesheer/chirurgijn;Physicians;1772;c;;1845;c;;m;;http://www.biografischportaal.nl/persoon/10643086 
A217;1853_Drac_Meer;Drachten;Kamminga, Hielkje  ;;Hielkje;;;Kamminga;;;;;known;;;;;;;;;;;;Unknown;1781;c;;1866;c;;v;;
A219;1854_Tilb_Beer;Tilburg;Beer, Jan Baptist  de;;Jan Baptist;;de;Beer;;;katholiek;Roman Catholic;;;;;;;;;;;;landbouwer, spinner, meesterknecht;Labourers;1787;c;;1856;c;Tilburg;m;;
A222;1855_Kort_Fill;Kortrijk;Filleul, Jan Baptiste  ;;Jan Baptiste;;;Filleul;;20156760471740851146;katholiek;Roman Catholic;;;;;;;;;;;;;Unknown;1775;c;;1855;c;;m;;
A223;1855_Popp_Jong;Poppenhuizen;Jong, Lieuwe Jans de;;Lieuwe;Jans;de;Jong;;283593186;doopsgezind;Mennonite;;;;;;;;;;;;boer;Farmers;1798;c;;1855;c;;m;;
A224;1856_Wird_Hell;Wirdum;Hellema, Doeke Wijgers ;;Doeke;Wijgers;;Hellema;;306157445;lidmaat Nederduits hervormde gemeente;Dutch Reformed;;belsastingontvanger;;;;;;;1;Civil servants;;boer, onderwijzer, belastingontvanger;Tax collectors and bookkeepers;1766;c;;1856;c;;m;;
A225;1858_Delf_Stre;Delfzijl;Streun, T.R.  van;;T.R.;;van;Streun;;281757123;hervormd;Dutch Reformed;known;;;;;;;;;;;;Unknown;;u;;;u;;m;;
A227;1859_Nijm_Drui;Nijmegen;Druijnen, Jan Willem  van;;Jan Willem;;van;Druijnen;;;lidmaat Nederduits hervormde gemeente;Dutch Reformed;;"diaken en ouderling kerk; lid vrijmetselaarsloge";1;;;;1;;;Church;;Wijnhandelaar, amateur-tekenaar- en historicus;Merchants;1790;c;Nijmegen;1854;c;Nijmegen;m;;http://www.biografischportaal.nl/persoon/92902651
A226;1859_Nijm_Drui;Nijmegen;Druijnen, Gerrit  van;;Gerrit;;van;Druijnen;;;lidmaat Nederduits hervormde gemeente;Dutch Reformed;;;;;;;;;;;;volgens eigen opgave ‘rentenier’, amateur-tekenaar;Rentiers;1825;c;Nijmegen;1876;c;Wageningen;m;;http://www.biografischportaal.nl/persoon/83204275
A129;1863_Izeg_Tang;Izegem;Tanghe, Guillaume-François  ;;Guillaume-François;;;Tanghe;;;katholiek;Roman Catholic;;onderpastoor, rector van Sint-Michielskerk in Kortrijk, titulair kannunik van kathedraalkapittel;2;;;;;;;Church;Seminarie in Gent;onderpastoor, rector van Sint-Michielskerk in Kortrijk, titulair kannunik van kathedraalkapittel;Clergy, monastics, ministers;1802;c;Izegem;1879;c;Brugge;m;https://nl.wikipedia.org/wiki/Willem_Frans_Tanghe;
A231;1876_Nieu_Rybe;Nieuwpoort;Rybens, Joannes Baptista  ;;Joannes Baptista;;;Rybens;;;katholiek;Roman Catholic;;secretaris rederijkersgilde;;;;;1;;;Guilds and societies;;bakker;Crafts and Trades;;u;Nieuwpoort (Vlaanderen);;u;;m;;
A232;1899_Grou_Haag;Grouw;Haagsma, T.F.   ;;T.F.;;;Haagsma;;;;;;Waagmeester;;;;1;;;;Civil servants;;kuiper, waagmeester;Crafts and Trades;1828;c;;1900;c;;m;;