Call_Number;Kronieken zonder deelnr;Word_count;Place_topic;Kalender;Einddatum kroniek ;described_period_begin;described_period_end;contemporain_begin;contemporain_begin_integer;contemporain_end;Contemporary_years_covered
1499_Rott_Jans;1499_Rott_Jans;18553;Rotterdam;Juliaans;1499;1313;1499;1494;1494;1499;5
1507_Beek_Trec;1507_Beek_Trec;61128;Beek;Juliaans;1507;1275;1507;1462;1462;1507;45
1509_Zier_Anon;1509_Zier_Anon;4091;Zierikzee;Juliaans;1473;-3500;1473;1458;1458;1509;51
1526_Zwol_Stee;1526_Zwol_Stee;18332;Zwolle;Juliaans;1526;1520;1526;1522;1522;1526;4
1535_Gron_Anon;1535_Gron_Anon;18165;Groningen;Juliaans;1535;1445;1535;1495;1495;1535;40
1542_Gent_Anon;1542_Gent_Anon;16133;Gent;Juliaans;1542;1538;1542;1538;1538;1542;4
1545_Kuri_Munt;1545_Kuri_Munt;46993;Kuringen;Juliaans;1545;1530;1545;1530;1530;1545;15
1551_Kamp_Herm;1551_Kamp_Herm;83164;Kampen;Juliaans;1551;1505;1551;1517;1517;1551;34
1553_Utre_Mijn;1553_Utre_Mijn;17115;Utrecht;Juliaans;1553;1296;1552;1520;1520;1552;32
1558_Bosc_Cupe;1558_Bosc_Cupe;97938;Den Bosch;Juliaans;1558;1174;1579;1533;1533;1558;25
1558_Brus_Anon;1558_Brus_Anon;98373;Brussel;Juliaans;1558;-1184;1558;;;1558;
1567_Amst_Bies;1567_Amst_Bies;12046;Amsterdam;Juliaans;1567;1534;1567;1534;1534;1567;33
1567_Amst_Reae;1567_Amst_Reae;13233;Amsterdam;Juliaans;1567;1542;1567;1542;1542;1568;26
1568_Gent_Anon;1568_Gent_Anon;145990;Gent;Juliaans;1568;707;1568;ca. 1530;1530;1568;38
1568_Gent_Vaer;1568_Gent_Vaer;374708;Gent;Juliaans;1568;1566;1568;1566;1566;1568;2
1568_Leeu_Joos;1568_Leeu_Joos;13299;Leeuwarden;Gregoriaans;1568;1566;1568;1566;1566;1568;2
1571_Gent_Camp;1571_Gent_Camp;126309;Gent;Juliaans;1571;1566;1572;1566;1566;1572;6
1574_Antw_Ano1;1574_Antw_Ano1;89914;Antwerpen;Juliaans;1575;1500;1574;1550;1550;1574;24
1574_Antw_Ano2;1574_Antw_Ano2;78886;Antwerpen;Juliaans;1574;1500;1574;1550;1550;1574;24
1574_Antw_Haec;1574_Antw_Haec;270300;Antwerpen;Juliaans;1574;1565;1574;1565;1565;1574;9
1575_Bosc_Anon;1575_Bosc_Anon;28388;Den Bosch;Juliaans;1575;1566;1575;1566;1566;1575;9
1575_Purm_Roll;1575_Purm_Roll;18672;Hoorn;Juliaans;1575;1572;1575;1572;1572;1575;3
1576_Utre_Anon;1576_Utre_Anon;39524;Utrecht;Juliaans;1576;1566;1576;1566;1566;1576;10
1576_Zier_Clae;1576_Zier_Clae;9033;Zierikzee;Juliaans;1576;1571;1577;1575;1575;1577;2
1577_Utre_Anon;1577_Utre_Anon;15091;Utrecht;Juliaans;1577;1576;1577;1576;1576;1577;1
1579_Amst_Maes_01;1579_Amst_Maes;248703;Amsterdam;Juliaans;1579;1572;1578;1572;1572;1578;6
1579_Amst_Maes_02;;180920;Amsterdam;Juliaans;1579;1572;1579;1572;1572;1579;7
1579_Gent_Anon;1579_Gent_Anon;18763;Gent;Juliaans;1579;1568;1579;1568;1568;1579;11
1580_Antw_Wese;1580_Antw_Wese;76990;Antwerpen;Juliaans;1580;1567;1580;1567;1567;1580;13
1581_Haar_Verw;1581_Haar_Verw;83698;Haarlem;Juliaans;1581;1572;1581;1572;1572;1581;9
1582_Stee_Steg;1582_Stee_Steg;4337;Steenwijk;Juliaans;1582;1216;1582;1580;1580;1582;2
1583_Bilt_ErpH;1583_Bilt_ErpH;11821;De Bilt;Juliaans;1583;1139;1583;1524;1524;1549;25
1584_Brug_Weyd;1584_Brug_Weyd;36091;Brugge;Eerst juliaans, vanaf 1583 over op gregoriaans;1584;1571;1584;1571;1571;1584;13
1587_Iepe_Anon;1587_Iepe_Anon;33988;Ieper;Eerst juliaans, vanaf 1583 over op gregoriaans;1587;1567;1587;1567;1567;1587;20
1587_Mech_Wach;1587_Mech_Wach;0;Mechelen;overgang;1587;635;1587;1570;1570;1587;17
1587_Weer_Luyt;1587_Weer_Luyt;19934;Weert;Juliaans, met uitzondering van de laatste pagina die in 1587 speelt.;1587;1442;1587;1562;1562;1587;25
1589_Gron_Eppe;1589_Gron_Eppe;414322;Groningen;Juliaans;1589;1566;1589;1566;1566;1589;23
1592_Cule_Vrem;1592_Cule_Vrem;5743;Culemborg;;1592;1492;1592;1570;1570;1592;22
1593_Gent_Copp_01;1593_Gent_Copp;34450;Gent;overgang;1593;1566;1575;1566;1566;1575;9
1593_Gent_Copp_02;;0;Gent;overgang;1593;1575;1579;1575;1575;1579;4
1593_Gent_Copp_03;;148108;Gent;overgang;1593;1579;1593;1579;1579;1593;14
1594_Gron_Alti;1594_Gron_Alti;375818;Groningen;Juliaans;1594;1553;1594;1553;1553;1594;41
1594_Leuv_Boon;1594_Leuv_Boon;142543;Leuven;overgang;1594;-50;1594;1567;1567;1594;27
1595_Iepe_Hern_01;1595_Iepe_Hern;37309;Ieper;overgang;1595;1562;1572;1562;1562;1572;10
1595_Iepe_Hern_02;;85227;Ieper;overgang;1595;1572;1583;1572;1572;1583;11
1595_Iepe_Hern_04;;50106;Ieper;Gregoriaans;1587;1584;1587;1584;1584;1587;3
1595_Iepe_Hern_05;;33853;Ieper;Gregoriaans;1595;1587;1588;1587;1587;1588;1
1595_Iepe_Hern_06;;65256;Ieper;Gregoriaans;1595;1589;1590;1589;1589;1590;1
1595_Iepe_Hern_07;;72237;Ieper;Gregoriaans;1595;1592;1595;1592;1592;1595;3
1602_Brus_Pott;1602_Brus_Pott;65065;Brussel;overgang;1602;1357;1602;1549;1549;1602;53
1606_Gron_Anon;1606_Gron_Anon;25935;Groningen;Juliaans;1606;1480;1606;1566;1566;1606;40
1609_Bosc_Anon;1609_Bosc_Anon;39045;Den Bosch;overgang;1604;1206;1609;1566;1566;1609;43
1609_Oist_Hoev;1609_Oist_Hoev;7099;Oisterwijk;overgang;1609;1292;1609;1566;1566;1609;43
1610_Gent_Vooc;1610_Gent_Vooc;76782;Gent;overgang;1610;-1184;1607;1576;1576;1607;31
1620_Midd_Rech;1620_Midd_Rech;7425;Middelburg;overgang;1620;1551;1572;1566;1566;1572;6
1621_Alkm_Anon;1621_Alkm_Anon;6265;Alkmaar;Gregoriaans;1621;1618;1621;1618;1618;1621;3
1623_Deve_Haex;1623_Deve_Haex;59812;Deventer;Juliaans;1623;1619;1623;1619;1619;1623;4
1628_Alkm_Wijn;1628_Alkm_Wijn;9838;Alkmaar;overgang;1628;1412;1629;1566;1566;1610;44
1629_Doet_Duys;1629_Doet_Duys;5625;Doetinchem;overgang;1789;1527;1780;?;?;1629;
1632_Amer_Anon;1632_Amer_Anon;12011;Amersfoort;overgang;1760;1400;1632;;;1632;
1632_Gent_Vive;1632_Gent_Vive;131036;Gent;overgang;1632;1228;1632;1566;1566;1632;66
1635_Utre_Jonk;1635_Utre_Jonk;97136;Utrecht;Juliaans;1635;1610;1625;1610;1610;1625;15
1636_Bild_Jans;1636_Bild_Jans;31191;Het Bildt;Juliaans;1636;1604;1636;1604;1604;1636;32
1636_Hauw_Baer;1636_Hauw_Baer;226855;Hauwert;Juliaans;1636;-313;1636;ca. 1608;1608;1636;28
1638_Roer_Kamp_01;1638_Roer_Kamp;74499;Roermond;overgang;1638;1562;1620;1562;1562;1620;58
1638_Roer_Kamp_02;;28717;Roermond;Gregoriaans;1638;1621;1637;1621;1621;1637;16
1643_Antw_Bate;1643_Antw_Bate;20827;Antwerpen;overgang;1643;1510;1643;1608;1608;1623;15
1646_Gron_Gijs;1646_Gron_Gijs;4396;Groningen;Juliaans;1646;1583;1646;1598;1598;1646;48
1648_Rott_Anon;1648_Rott_Anon;18974;Rotterdam;Gregoriaans;1648;1426;1648;1609;1609;1630;21
1649_Tien_Goos;1649_Tien_Goos;4431;Tienen;overgang;1649;1536;1649;;;;0
1652_Rijp_Dirc;1652_Rijp_Dirc;49131;De Rijp;overgang;1652;1636;1652;1636;1636;1652;16
1657_Mech_Beth;1657_Mech_Beth;33716;Mechelen;overgang;1657;1580;1657;?;;1657;
1658_Rott_Anon;1658_Rott_Anon;17431;Rotterdam;Gregoriaans;1658;1426;1658;1609;1609;1658;49
1665_Mech_Vrin;1665_Mech_Vrin;88111;Mechelen;overgang;1665;712;1665;;;1665;
1666_Gent_Bill_01;1666_Gent_Bill;67203;Gent;overgang;1666;1;1500;;;;0
1666_Gent_Bill_02;;70429;Gent;overgang;1666;1501;1564;;;;0
1666_Gent_Bill_03;;67964;Gent;overgang;1666;1564;1599;;;;0
1666_Gent_Bill_05;;75090;Gent;Gregoriaans;1666;1637;1660;1637;1637;1660;23
1666_Gent_Bill_06;;87648;Gent;Gregoriaans;1666;1661;1667;1661;1661;1667;6
1668_Dord_Gode;1668_Dord_Gode;27618;Dordrecht;Gregoriaans;1668;1421;1668;1640? ;1640;1668;28
1668_Gent_Bill_01;1668_Gent_Bill;92400;Gent;Gregoriaans;1668;1658;1660;;1658;1660;2
1668_Gent_Bill_02;;80124;Gent;Gregoriaans;1668;1661;1662;;1661;1662;1
1668_Gent_Bill_03;;63288;Gent;Gregoriaans;1668;1662;1663;;1662;1663;1
1668_Gent_Bill_04;;65466;Gent;Gregoriaans;1668;1663;1663;1663;1663;1663;0
1668_Gent_Bill_05;;65982;Gent;Gregoriaans;1668;1663;1664;;1663;1664;1
1668_Gent_Bill_06;;68818;Gent;Gregoriaans;1668;1664;1664;;1664;1664;0
1668_Gent_Bill_07;;80815;Gent;Gregoriaans;1668;1664;1665;;1664;1665;1
1668_Gent_Bill_08;;78414;Gent;Gregoriaans;1668;1665;1665;;1665;1665;0
1668_Gent_Bill_09;;71727;Gent;Gregoriaans;1668;1665;1665;;1665;1665;0
1668_Gent_Bill_10;;79488;Gent;Gregoriaans;1668;1666;1666;;1666;1666;0
1668_Gent_Bill_11;;75908;Gent;Gregoriaans;1668;1666;1667;;1666;1667;1
1668_Gent_Bill_12;;114029;Gent;Gregoriaans;1668;1667;1667;;1667;1667;0
1671_Mede_Oppe;1671_Mede_Oppe;20121;Medemblik;overgang;1671;1517;1671;ca. 1650;1650;1671;21
1671_Rott_Lois;1671_Rott_Lois;98991;Rotterdam;overgang;1671;1270;1671;1638?;1638;1671;33
1672_Amst_Anon;1672_Amst_Anon;19770;Amsterdam;Gregoriaans;1672;1672;1673;1672;1672;1673;1
1675_Gent_Cler;1675_Gent_Cler;13028;Gent;overgang;1675;1;1675;;;;0
1675_Utre_Boot;1675_Utre_Boot;53803;Utrecht;Juliaans;1675;1672;1675;1672;1672;1675;3
1680_Mech_Vale;1680_Mech_Vale;33514;Mechelen;overgang;1680;720;1680;?;;?;#VALUE!
1681_Brus_Anon;1681_Brus_Anon;14209;Brussel;overgang;1681;727;1681;;;;0
1681_Zwol_Catt;1681_Zwol_Catt;63576;Zwolle;Juliaans;1681;696;1681;1669;1669;1681;12
1683_Brus_Jaki;1683_Brus_Jaki;268833;Brussel;Gregoriaans;1683;1612;1683;?;;?;#VALUE!
1687_Rott_Anon;1687_Rott_Anon;59904;Rotterdam;Gregoriaans;1663;1424;1663;1623;1623;1663;40
1690_Rott_Anon;1690_Rott_Anon;10190;Rotterdam;Gregoriaans;1690;1426;1690;1663;1663;1690;27
1695_Iepe_Anon;1695_Iepe_Anon;185885;Ieper;Gregoriaans;1695;180;1695;;;;0
1697_Leeu_Vitr_01;1697_Leeu_Vitr;168600;Leeuwarden;Juliaans;1671;1657;1671;;1657;1671;14
1697_Leeu_Vitr_02;;444289;Leeuwarden;Juliaans;1676;1672;1676;;1672;1676;4
1697_Leeu_Vitr_03;;192190;Leeuwarden;Juliaans;1697;1696;1697;1696;1696;1697;1
1699_Bosc_Anon;1699_Bosc_Anon;186556;Den Bosch;Gregoriaans;1699;1140;1699;?;;1699;1699
1700_Haar_Vinn;1700_Haar_Vinn;56891;Haarlem;Gregoriaans;1700;1652;1680;;;;0
1703_Rott_Brou;1703_Rott_Brou;1275;Rotterdam;Gregoriaans;1703;1679;1703;1679;1679;1703;24
1703_Venl_Put;1703_Venl_Put;39256;Venlo;Gregoriaans;1703;1423;1703;;;;0
1713_Hout_Dres;1713_Hout_Dres;6086;Houthem;Gregoriaans;1713;1673;1713;;;;0
1713_Kort_Mael;1713_Kort_Mael;43310;Kortrijk;Gregoriaans;1713;1682;1713;;;;0
1716_Jisp_Gert;1716_Jisp_Gert;18824;Jisp;Gregoriaans;1716;1647;1716;1647;1647;;-1647
1718_Dron_Rouc;1718_Dron_Rouc;37524;Dronrijp;overgang;1718;1690;1718;;1690;1718;28
1719_Brus_Hage;1719_Brus_Hage;114228;Brussel;Gregoriaans;1719;1717;1719;;1717;1719;2
1719_Tong_Anon;1719_Tong_Anon;42631;Tongeren;Gregoriaans;1719;-897;1719;1632?;1632;;-1632
1720_Brus_Anon;1720_Brus_Anon;13950;Brussel;Gregoriaans;1720;974;1720;;;;0
1721_Antw_Anon;1721_Antw_Anon;7824;Antwerpen;Gregoriaans;1721;1685;1721;1712;1712;1721;9
1722_Huiz_Lust;1722_Huiz_Lust;85079;Huizen;Gregoriaans;1722;1713;1722;1713;1713;1722;9
1724_Oost_Daal;1724_Oost_Daal;24342;Oostzaan;Gregoriaans;1724;1682;1724;1682;1682;1724;42
1725_Antw_Anon;1725_Antw_Anon;7050;Antwerpen;Gregoriaans;1725;1725;1725;;1725;1725;0
1735_Dokk_Hesm;1735_Dokk_Hesm;19525;Dokkum;overgang;1735;10;1735;c.1660;1660;1735;75
1744_Brus_Anon;1744_Brus_Anon;18613;Brussel;Gregoriaans;1744;1717;1744;;1717;1744;27
1745_Kort_Anon;1745_Kort_Anon;243186;Kortrijk;Gregoriaans;1745;1683;1745;;;;0
1747_Amst_Boer;1747_Amst_Boer;185156;Amsterdam;Gregoriaans;1747;1747;1748;;1747;1748;1
1747_Phil_Over;1747_Phil_Over;63368;Philipinne;Gregoriaans;1747;1504;1747;;;;0
1747_Utre_Woer;1747_Utre_Woer;26963;Utrecht;Gregoriaans;1747;1747;1747;1747;1747;1747;0
1748_Berg_Folk;1748_Berg_Folk;38747;Bergen op Zoom;Gregoriaans;1748;1747;1748;1747;1747;1748;1
1748_Leeu_Vege;1748_Leeu_Vege;78856;Leeuwarden;overgang;1748;1748;1748;;;;0
1749_Haar_Barn;1749_Haar_Barn;5265;Haarlem;Gregoriaans;1749;1747;1749;1738;1738;1744;6
1749_Loke_Smet;1749_Loke_Smet;32322;Lokeren;Gregoriaans;1749;1542;1749;;;;0
1749_Maas_Anon;1749_Maas_Anon;41104;Maastricht;Gregoriaans;1749;-11;1749;;;;0
1749_Rott_Sche;1749_Rott_Sche;28769;Rotterdam;Gregoriaans;1749;1747;1748;1747;1747;1748;1
1750_Gent_Anon;1750_Gent_Anon;70353;Gent;Gregoriaans;1750;1725;1750;;1725;1750;25
1751_Kort_Roye;1751_Kort_Roye;87731;Kortrijk;Gregoriaans;1751;987;1751;;;;0
1752_Zaan_Kraa;1752_Zaan_Kraa;10312;Zaandam;Gregoriaans;1752;1708;1752;;;;0
1752_Zaan_Veen;1752_Zaan_Veen;17280;Zaandam;Gregoriaans;1752;1740;1752;;1740;1752;12
1753_Vars_Verm;1753_Vars_Verm;6326;Varsenare;Gregoriaans;1753;1740;1753;;1740;1753;13
1753_Vlis_Anon;1753_Vlis_Anon;54054;Vlissingen;Gregoriaans;1753;620;1753;;;;0
1753_Waas_Anon;1753_Waas_Anon;167046;Waasland;Gregoriaans;1753;624;1753;;;;0
1754_Loss_Leur;1754_Loss_Leur;153801;Losser;Gregoriaans;1754;1698;1754;;;;0
1755_Hoor_Spru_01;1755_Hoor_Spru;89643;Hoorn;Gregoriaans;1755;1630;1719;;;;0
1755_Hoor_Spru_02;;59023;Hoorn;Gregoriaans;1755;1720;1755;1720;1720;1755;35
1755_Leuv_Anon;1755_Leuv_Anon;41901;Leuven;Gregoriaans;1755;-3500;1755;;;;0
1756_Waas_Anon_01;1756_Waas_Anon;226357;Waasland;Gregoriaans;1756;772;1754;;;;0
1756_Waas_Anon_02;;212446;Waasland;Gregoriaans;1756;870;1756;;;;0
1758_Maas_Anon;1758_Maas_Anon;87423;Maastricht;Gregoriaans;1758;1236;1758;1746;1746;1758;12
1759_Hoeg_Kemp;1759_Hoeg_Kemp;9907;Hoegaarden;Gregoriaans;1759;1670;1759;;;;0
1760_Alkm_Bont;1760_Alkm_Bont;37375;Alkmaar;Gregoriaans;1760;500;1760;1740;1740;1760;20
1762_Maas_Anon;1762_Maas_Anon;38526;Maastricht;Gregoriaans;1762;-74;1762;1690;1690;;-1690
1766_Mech_Beth;1766_Mech_Beth;65177;Mechelen;Gregoriaans;1766;1580;1766;;;;0
1770_Kate_Pols;1770_Kate_Pols;25397;Katendrecht;Gregoriaans;1770;1750;1770;1750;1750;1770;20
1772_Amst_Bikk;1772_Amst_Bikk;220205;Amsterdam;Gregoriaans;1772;1732;1772;1732;1732;1777;45
1776_Hale_Anon;1776_Hale_Anon;28811;Halen;Gregoriaans;1776;1792;1797;;;;0
1776_Mech_Nieu_01;1776_Mech_Nieu;17051;Mechelen;Gregoriaans;1776;1601;1699;Niet ;;Niet;#VALUE!
1776_Mech_Nieu_02;;25962;Mechelen;Gregoriaans;1776;1700;1746;;;;0
1776_Mech_Nieu_03;;8543;Mechelen;Gregoriaans;1776;1747;1753;1747;1747;1753;6
1776_Mech_Nieu_04;;9297;Mechelen;Gregoriaans;1776;1753;1763;;;;0
1776_Mech_Nieu_05;;28936;Mechelen;Gregoriaans;1776;1763;1776;;;;0
1779_Spaa_Beer;1779_Spaa_Beer;3016;Spaarndam;Gregoriaans;1779;1253;1779;1752;1752;1779;27
1781_Brug_Ledo;1781_Brug_Ledo;193864;Brugge;Gregoriaans;1781;1645;1781;1645;1645;1781;136
1785_Leeu_Sluy;1785_Leeu_Sluy;52669;Leeuwarden;Gregoriaans;1785;1779;1785;1779;1779;1785;6
1786_Mech_Munc;1786_Mech_Munc;113048;Mechelen;Gregoriaans;1786;1740;1786;;;;0
1787_Fran_Anon;1787_Fran_Anon;7729;Franeker;Gregoriaans;1787;1787;1787;1787;1787;1787;0
1787_Gent_Anon_01;1787_Gent_Anon;17611;Gent;Gregoriaans;1787;1770;1774;1770;1770;1774;4
1787_Gent_Anon_02;;18797;Gent;Gregoriaans;1787;1775;1787;1775;1775;1787;12
1790_Brug_Ledo;1790_Brug_Ledo;336808;Brugge;Gregoriaans;1790;1786;1790;;;;0
1790_Mech_Wijn;1790_Mech_Wijn;50138;Mechelen;Gregoriaans;1790;1730;1790;1730;1730;1790;60
1792_Brie_Klui_01;1792_Brie_Klui;90850;Brielle;Gregoriaans;1792;1747;1751;1747;1747;1751;4
1792_Brie_Klui_02;;61796;Brielle;Gregoriaans;1792;1752;1756;1752;1752;1756;4
1792_Brie_Klui_03;;65946;Brielle;Gregoriaans;1792;1757;1762;1757;1757;1762;5
1792_Brie_Klui_04;;116464;Brielle;Gregoriaans;1792;1763;1767;1763;1763;1767;4
1792_Brie_Klui_05;;87130;Brielle;Gregoriaans;1792;1767;1770;1767;1767;1770;3
1792_Brie_Klui_06;;94232;Brielle;Gregoriaans;1792;1771;1771;1771;1771;1771;0
1792_Brie_Klui_07;;57646;Brielle;Gregoriaans;1792;1771;1776;1771;1771;1776;5
1792_Brie_Klui_08;;51766;Brielle;Gregoriaans;1792;1777;1784;1777;1777;1784;7
1792_Brie_Klui_09;;100050;Brielle;Gregoriaans;1792;1784;1784;1784;1784;1784;0
1792_Brie_Klui_10;;101016;Brielle;Gregoriaans;1792;1785;1785;1785;1785;1785;0
1792_Brie_Klui_11;;56529;Brielle;Gregoriaans;1792;1786;1792;1786;1786;1792;6
1793_Bred_Ouko;1793_Bred_Ouko;18135;Breda;Gregoriaans;1793;1793;1793;1793;1793;1793;1
1794_Bosc_Acke_01;1794_Bosc_Acke;41095;Den Bosch;Gregoriaans;1794;1780;1789;1780;1780;1789;9
1794_Bosc_Acke_02;;18337;Den Bosch;Gregoriaans;1794;1790;1794;1790;1790;1794;4
1794_Goud_Anon;1794_Goud_Anon;18005;Gouda;Gregoriaans;1794;1787;1794;1787;1787;1794;7
1794_Zwol_Door;1794_Zwol_Door;16273;Zwolle;Gregoriaans;1794;-9;1794;;1787;1794;7
1795_Deve_Jord;1795_Deve_Jord;4865;Deventer;Gregoriaans;1795;1795;1795;1795;1795;1795;0
1795_Harl_Tous;1795_Harl_Tous;8331;Harlingen;Gregoriaans;1795;1795;1795;1795;1795;1795;0
1795_Maas_Loye;1795_Maas_Loye;86583;Maastricht;Gregoriaans;1795;998;1742;;;;0
1795_Mege_Loef;1795_Mege_Loef;24257;Megen;Gregoriaans;1795;1768;1795;1793;1793;1795;2
1795_Zalt_Kist;1795_Zalt_Kist;19264;Zaltbommel;Gregoriaans;1795;1794;1795;1794;1794;1795;1
1796_Antw_Aars;1796_Antw_Aars;6864;Antwerpen;Gregoriaans;1796;1794;1796;1794;1794;1795;1
1796_Leeu_Buma;1796_Leeu_Buma;7794;Leeuwarden;Gregoriaans;1796;1766;1796;1766;1766;1796;30
1796_Purm_Louw_01;1796_Purm_Louw;143004;Purmerend;Gregoriaans;1766;1355;1766;1742;1742;1766;24
1796_Purm_Louw_02;;70301;Purmerend;Gregoriaans;1774;1766;1774;1766;1766;1774;8
1796_Purm_Louw_03;;81137;Purmerend;Gregoriaans;1780;1775;1780;1775;1775;1780;5
1796_Purm_Louw_04;;67174;Purmerend;Gregoriaans;1788;1778;1788;1778;1778;1788;10
1796_Purm_Louw_05;;67000;Purmerend;Gregoriaans;1796;1788;1796;1788;1788;1796;8
1797_Alkm_Anon;1797_Alkm_Anon;33029;Alkmaar;Gregoriaans;1797;1787;1797;1787;1787;1797;10
1797_Brst_Mori;1797_Brst_Mori;10741;Brustem;Gregoriaans;1797;1784;1793;1784;1784;1793;9
1798_Brus_Anon;1798_Brus_Anon;19417;Brussel;Gregoriaans;1798;1772;1798;1772;1772;1798;26
1799_Roer_Schr;1799_Roer_Schr;5314;Roermond;Gregoriaans;1799;1794;1799;1794;1794;1799;5
1800_Brug_Wall_01;1800_Brug_Wall;24894;Brugge;Gregoriaans;1800;1779;1779;1779;1779;1779;0
1800_Brug_Wall_02;;35171;Brugge;Gregoriaans;1800;1780;1780;1780;1780;1780;0
1800_Brug_Wall_03;;88299;Brugge;Gregoriaans;1800;1787;1787;1787;1787;1787;0
1800_Brug_Wall_04;;54879;Brugge;Gregoriaans;1800;1788;1788;1788;1788;1788;0
1800_Brug_Wall_05;;75903;Brugge;Gregoriaans;1800;1789;1789;1789;1789;1789;0
1800_Brug_Wall_06;;97163;Brugge;Gregoriaans;1800;1790;1790;1790;1790;1790;0
1800_Brug_Wall_07;;100860;Brugge;Gregoriaans;1800;1791;1792;1791;1791;1792;1
1800_Brug_Wall_08;;98850;Brugge;Gregoriaans;1800;1793;1794;1793;1793;1794;1
1800_Brug_Wall_09;;79917;Brugge;Gregoriaans;1800;1795;1796;1795;1795;1796;1
1800_Brug_Wall_10;;51998;Brugge;Gregoriaans;1800;1797;1797;1797;1797;1797;0
1800_Brug_Wall_11;;52851;Brugge;Gregoriaans;1800;1798;1798;1798;1798;1798;0
1800_Brug_Wall_12;;41913;Brugge;Gregoriaans;1800;1799;1799;1799;1799;1799;0
1800_Brug_Wall_13;;43130;Brugge;Gregoriaans;1800;1800;1800;1800;1800;1800;0
1800_Zier_Reij;1800_Zier_Reij;8504;Zierikzee;Gregoriaans;1800;1787;1800;1787;1787;1800;13
1801_Hilv_Jage;1801_Hilv_Jage;16321;Hilversum;Gregoriaans;1801;1766;1801;1766;1766;1801;35
1801_Huis_Anon;1801_Huis_Anon;72918;Huissen;Gregoriaans;1801;1667;1801;1782;1782;1801;19
1802_Brus_Anon;1802_Brus_Anon;47685;Brussel;Gregoriaans;1802;1792;1803;1792;1792;1803;11
1802_Roer_Rama;1802_Roer_Rama;1555;Roermond;Gregoriaans;1802;1781;1802;1781;1781;1802;21
1802_Venl_Post;1802_Venl_Post;79221;Venlo;Gregoriaans;1802;1781;1802;1781;1781;1802;21
1802_Weer_Goof;1802_Weer_Goof;18589;Weert;Gregoriaans;1802;1784;1802;1784;1784;1802;18
1805_Haar_Vinn;1805_Haar_Vinn;46035;Haarlem;Gregoriaans;1805;1673;1805;1753;1753;1805;52
1806_Rott_Beef;1806_Rott_Beef;36678;Rotterdam;Gregoriaans;1806;1747;1806;;;;0
1807_Enkh_Hoog;1807_Enkh_Hoog;6731;Enkhuizen;Gregoriaans;1807;1732;1807;Ca 1747;1747;1807;60
1807_Leuv_Pelc_01;1807_Leuv_Pelc;170526;Leuven;Gregoriaans;1807;1746;1780;;1746;1780;34
1807_Leuv_Pelc_02;;172914;Leuven;Gregoriaans;1807;1780;1787;;1780;1787;7
1807_Leuv_Pelc_03;;130710;Leuven;Gregoriaans;1807;1787;1788;;1787;1788;1
1807_Leuv_Pelc_04;;117301;Leuven;Gregoriaans;1807;1789;1789;;1789;1789;0
1807_Leuv_Pelc_05;;150994;Leuven;Gregoriaans;1807;1790;1790;;1790;1790;0
1807_Leuv_Pelc_06;;129723;Leuven;Gregoriaans;1807;1790;1792;;1790;1792;2
1807_Leuv_Pelc_07;;198232;Leuven;Gregoriaans;1807;1792;1793;;1792;1793;1
1807_Leuv_Pelc_08;;155041;Leuven;Gregoriaans;1807;1794;1797;;1794;1797;3
1807_Leuv_Pelc_09;;157541;Leuven;Gregoriaans;1807;1797;1799;;1797;1799;2
1807_Leuv_Pelc_10;;144951;Leuven;Gregoriaans;1807;1800;1801;;1800;1801;1
1807_Leuv_Pelc_11;;120391;Leuven;Gregoriaans;1807;1802;1803;;1802;1803;1
1807_Leuv_Pelc_12;;139120;Leuven;Gregoriaans;1807;1803;1804;;1803;1804;1
1807_Leuv_Pelc_13;;134679;Leuven;Gregoriaans;1807;1804;1805;;1804;1805;1
1807_Leuv_Pelc_14;;162578;Leuven;Gregoriaans;1807;1805;1807;;1805;1807;2
1807_Leuv_Pelc_15;;74655;Leuven;Gregoriaans;1807;1807;1807;;1807;1807;0
1808_Gent_Quic;1808_Gent_Quic;43935;Gent;Gregoriaans;1808;1787;1808;;1787;1808;21
1808_Stee_Verv;1808_Stee_Verv;399716;Steenvoorde;Gregoriaans;1808;1783;1808;;1783;1808;25
1813_Haag_Baak;1813_Haag_Baak;50176;Den Haag;Gregoriaans;1813;1802;1813;1811;1811;1813;2
1813_Zaan_Dekk;1813_Zaan_Dekk;37396;Zaandam;Gregoriaans;1813;34;1838;1766;1766;1813;47
1814_Koog_Boov;1814_Koog_Boov;9138;Koog aan de Zaan;Gregoriaans;1814;1795;1814;;;;0
1814_Leeu_Stor;1814_Leeu_Stor;18561;Leeuwarden;Gregoriaans;1814;1774;1774;1774;1774;1774;0
1814_Twis_Kamp;1814_Twis_Kamp;33722;Twisk;Gregoriaans;1814;1800;1814;1800;1800;1814;14
1814_Worm_Ding;1814_Worm_Ding;8900;Wormerveer;Gregoriaans;1814;1755;1814;?;;?;#VALUE!
1816_Amst_Beer;1816_Amst_Beer;10725;Amsterdam;Gregoriaans;1816;1739;1816;1739;1739;1816;77
1817_Antw_Stra_01;1817_Antw_Stra;61405;Antwerpen;Gregoriaans;1819;1770;1785;1770;1770;1785;15
1817_Antw_Stra_02;;79324;Antwerpen;Gregoriaans;1819;1786;1788;1786;1786;1788;2
1817_Antw_Stra_03;;98603;Antwerpen;Gregoriaans;1819;1789;1790;1789;1789;1790;1
1817_Antw_Stra_04;;107514;Antwerpen;Gregoriaans;1819;1791;1794;1791;1791;1794;3
1817_Antw_Stra_05;;71236;Antwerpen;Gregoriaans;1819;1795;1796;1795;1795;1796;1
1817_Antw_Stra_06;;102553;Antwerpen;Gregoriaans;1819;1797;1798;1797;1797;1798;1
1817_Antw_Stra_07;;74941;Antwerpen;Gregoriaans;1819;1799;1802;1799;1799;1802;3
1817_Antw_Stra_08;;62996;Antwerpen;Gregoriaans;1819;1803;1817;1803;1803;1817;14
1818_Broe_Bakk;1818_Broe_Bakk;17710;Broek in Waterland;Gregoriaans;1818;1282;1818;1795;1795;1818;23
1818_Nijm_Beto;1818_Nijm_Beto;7331;Nijmegen;Gregoriaans;1818;1785;1818;1785;1785;1818;33
1819_Binn_Kars;1819_Binn_Kars;4378;Binnenwijzend;Gregoriaans;1819;1783;1819;1783;1783;1819;36
1819_Roer_Loos;1819_Roer_Loos;2815;Roermond;Gregoriaans;1819;1769;1819;1769;1769;1819;50
1820_Rhen_Vree;1820_Rhen_Vree;7634;Rhenoy;Gregoriaans;1820;1799;1817;1799;1799;1817;18
1820_Zier_Groe;1820_Zier_Groe;85759;Zierikzee;Gregoriaans;1802;1795;1820;;;;0
1821_Brus_Goet_01;1821_Brus_Goet;88694;Brussel;Gregoriaans;1805;1780;1805;;;;0
1821_Brus_Goet_02;;91869;Brussel;Gregoriaans;1814;1805;1814;;;;0
1821_Brus_Goet_03;;96217;Brussel;Gregoriaans;1821;1815;1821;;;;0
1823_Zaan_Groo;1823_Zaan_Groo;2878;Zaandam;Gregoriaans;1823;1809;1823;1809;1809;1810;1
1825_Brug_Verb;1825_Brug_Verb;56945;Brugge;Gregoriaans;1825;1771;1825;1783;1783;1825;42
1825_Oude_Rant_01;1825_Oude_Rante;39410;Oudenaarde;Gregoriaans;1786;1701;1786;;;;0
1825_Oude_Rant_02;;95730;Oudenaarde;Gregoriaans;1825;1787;1825;;;;0
1826_Amel_Sorg;1826_Amel_Sorg;74012;Ameland;Gregoriaans;1826;1773;1826;;;;0
1826_Hoor_Voor_01;1826_Hoor_Voor;;Hoorn;Gregoriaans;1826;1629;1697;;;;0
1826_Hoor_Voor_02;;;Hoorn;Gregoriaans;1826;1700;1780;1779;;1780;1780
1826_Hoor_Voor_03;;;Hoorn;Gregoriaans;1826;1781;1799;1781;;1799;1799
1826_Hoor_Voor_04;;;Hoorn;Gregoriaans;1826;1800;1826;1800;;1826;1826
1826_Hoor_Voor_05;;;Hoorn;Gregoriaans;1826;1629;1826;1779;;1826;1826
1826_Snee_Napj_01;1826_Snee_Napj;69022;Sneek;Gregoriaans;1826;1230;1762;;;;0
1826_Snee_Napj_02;;2170;Sneek;Gregoriaans;1826;1804;1826;;;;0
1829_Leuv_Hous;1829_Leuv_Hous;232603;Leuven;Gregoriaans;1829;1780;1829;;;;0
1830_Tilb_Leli;1830_Tilb_Leli;6796;Tilburg;Gregoriaans;1830;1774;1830;1774;1774;1830;56
1831_Roer_Beri;1831_Roer_Beri;11016;Roermond;Gregoriaans;1831;1773;1831;;;;0
1835_Gent_Call_01;1835_Gent_Call;63372;Gent;Gregoriaans;1835;1780;1789;1780;1780;1789;9
1835_Gent_Call_02;;88322;Gent;Gregoriaans;1835;1801;1808;1801;1801;1808;7
1835_Gent_Call_03;;100803;Gent;Gregoriaans;1835;1809;1814;1809;1809;1814;5
1835_Gent_Call_04;;49032;Gent;Gregoriaans;1835;1815;1817;1815;1815;1817;2
1835_Gent_Call_05;;66890;Gent;Gregoriaans;1835;1822;1831;1822;1822;1831;9
1835_Gent_Call_06;;81705;Gent;Gregoriaans;1835;1832;1835;1832;1832;1835;3
1835_Leuv_Lame;1835_Leuv_Lame;114717;Leuven;Gregoriaans;1835;1784;1835;1784;1784;1835;51
1838_Hoor_Anon_01;1838_Hoor_Anon;289056;Hoorn;Gregoriaans;1794;1630;1794;;;;0
1838_Hoor_Anon_02;;113869;Hoorn;Gregoriaans;1838;1795;1838;;;;0
1844_Heez_Moor;1844_Heez_Moor;24064;Heeze;Gregoriaans;1844;1580;1844;1828;1828;1844;16
1846_Antw_Coni_01;1846_Antw_Coni;45269;Antwerpen;Gregoriaans;1846;1772;1790;1772;1772;1790;18
1846_Antw_Coni_02;;47563;Antwerpen;Gregoriaans;1846;1790;1795;1790;1790;1795;5
1846_Antw_Coni_03;;32907;Antwerpen;Gregoriaans;1846;1795;1834;1795;1795;1834;39
1846_Antw_Coni_04;;14747;Antwerpen;Gregoriaans;1846;1834;1846;1834;1834;1846;12
1851_Zier_Bloo;1851_Zier_Bloo;24513;Zierikzee;Gregoriaans;1848;1830;1847;;1830;1847;17
1853_Drac_Meer;1853_Drac_Meer;25931;Drachten;Gregoriaans;1853;754;1853;1845;1845;1853;8
1854_Tilb_Beer_01;1854_Tilb_Beer;40089;Tilburg;Gregoriaans;1854;1774;1854;;;;0
1854_Tilb_Beer_02;;6;Tilburg;Gregoriaans;1854;1774;1854;;;;0
1854_Tilb_Beer_03;;3;Tilburg;Gregoriaans;1854;1774;1854;;;;0
1855_Kort_Fill_01;1855_Kort_Fill;62517;Kortrijk;Gregoriaans;1855;1700;1790;;;;0
1855_Kort_Fill_02;;73583;Kortrijk;Gregoriaans;1855;1790;1813;1791;;1813;22
1855_Kort_Fill_03;;80360;Kortrijk;Gregoriaans;1855;1810;1816;1810;;1816;6
1855_Kort_Fill_04;;45377;Kortrijk;Gregoriaans;1855;1816;1821;1816;;1821;5
1855_Kort_Fill_05;;54111;Kortrijk;Gregoriaans;1855;1821;1832;1821;;1832;11
1855_Kort_Fill_06;;85611;Kortrijk;Gregoriaans;1855;1832;1846;1832;;1846;14
1855_Kort_Fill_07;;64880;Kortrijk;Gregoriaans;1855;1846;1855;1846;;1855;9
1855_Popp_Jong;1855_Popp_Jong;489660;Poppenhuizen;Gregoriaans;1855;1825;1855;1825;1825;1855;30
1856_Wird_Hell;1856_Wird_Hell;625333;Wirdum;Gregoriaans;1856;1821;1856;1821;;1856;35
1858_Delf_Stre;1858_Delf_Stre;20237;Delfzijl;Gregoriaans;1858;1272;1858;1813;1813;1858;45
1859_Nijm_Drui;1859_Nijm_Drui;82484;Nijmegen;Gregoriaans;1859;1819;1858;1819;;1859;1859
1863_Izeg_Tang;1863_Izeg_Tang;86896;Izegem;Gregoriaans;1863;1001;1863;c. 1825;;1863;1863
1876_Nieu_Rybe;1876_Nieu_Rybe;232165;Nieuwpoort;Gregoriaans;1876;1770;1876;c. 1840;;1876;1876
1899_Grou_Haag;1899_Grou_Haag;17927;Grouw;Gregoriaans;1899;1840;1899;1840;1840;1899;59